customer_id,frequency,monetary,recency_days,churned
12346.0,12,77556.46,325,0
12347.0,8,5633.32,1,0
12348.0,5,2019.4,74,0
12349.0,4,4428.69,18,0
12350.0,1,334.4,309,0
12351.0,1,300.93,374,1
12352.0,10,2849.84,35,0
12353.0,2,406.76,203,0
12354.0,1,1079.4,231,0
12355.0,2,947.61,213,0
12356.0,6,6373.68,22,0
12357.0,3,18287.66,32,0
12358.0,5,3887.07,1,0
12359.0,10,8935.94,57,0
12360.0,8,4252.89,51,0
12361.0,4,511.25,286,0
12362.0,11,5356.23,2,0
12363.0,2,552.0,109,0
12364.0,4,1313.1,7,0
12365.0,2,641.38,290,0
12366.0,1,500.24,633,1
12367.0,1,168.9,3,0
12368.0,1,917.7,627,1
12369.0,3,1791.15,412,1
12370.0,7,4320.31,50,0
12371.0,5,4067.38,44,0
12372.0,3,1298.04,71,0
12373.0,3,1127.65,310,0
12374.0,4,2989.22,24,0
12375.0,2,457.5,10,0
12376.0,2,503.15,389,1
12377.0,4,3426.32,314,0
12378.0,2,5416.32,129,0
12379.0,4,1620.22,81,0
12380.0,11,9676.3,21,0
12381.0,5,1845.31,4,0
12383.0,5,1850.56,184,0
12384.0,2,585.27,28,0
12385.0,1,1938.4,378,1
12386.0,2,660.8,337,0
12387.0,1,143.94,414,1
12388.0,8,3901.11,15,0
12389.0,3,1433.33,402,1
12390.0,1,549.84,79,0
12391.0,6,2773.42,21,0
12392.0,1,234.75,590,1
12393.0,6,2399.45,71,0
12394.0,2,1272.48,63,0
12395.0,15,5067.27,18,0
12396.0,1,931.43,673,1
12397.0,2,2409.9,35,0
12398.0,1,1635.66,45,0
12399.0,7,1962.3,118,0
12400.0,1,205.25,413,1
12401.0,1,84.3,302,0
12402.0,6,1256.9,322,0
12403.0,2,1019.36,49,0
12404.0,1,63.24,681,1
12405.0,1,1710.39,148,0
12406.0,5,6390.36,21,0
12407.0,5,1708.12,49,0
12408.0,8,4340.77,32,0
12409.0,7,23419.29,78,0
12410.0,3,1013.71,308,0
12411.0,1,346.9,409,1
12412.0,6,2596.93,74,0
12413.0,4,999.45,66,0
12414.0,6,952.41,216,0
12415.0,28,144458.37,23,0
12416.0,1,202.56,656,1
12417.0,20,6816.91,2,0
12418.0,4,2021.2,112,0
12419.0,2,503.01,385,1
12420.0,1,600.39,63,0
12421.0,6,1098.6,15,0
12422.0,17,5231.8,95,0
12423.0,10,2622.39,0,0
12424.0,4,3340.03,162,0
12425.0,2,1741.41,77,0
12426.0,2,1345.21,194,0
12427.0,3,1129.3,21,0
12428.0,9,7956.46,25,0
12429.0,8,7485.91,8,0
12430.0,1,256.4,42,0
12431.0,27,10857.97,35,0
12432.0,5,5059.32,42,0
12433.0,10,20581.26,0,0
12434.0,3,1103.43,84,0
12435.0,6,13925.93,79,0
12436.0,1,509.01,99,0
12437.0,39,12683.4,1,0
12438.0,2,2906.85,13,0
12439.0,2,1158.18,682,1
12440.0,2,859.2,461,1
12441.0,1,347.1,366,1
12442.0,1,172.06,2,0
12443.0,1,485.31,731,1
12444.0,5,5005.46,20,0
12445.0,2,434.98,21,0
12446.0,1,1002.31,57,0
12447.0,1,476.49,242,0
12448.0,1,449.45,43,0
12449.0,6,4835.89,21,0
12450.0,5,688.2,155,0
12451.0,8,12669.88,10,0
12452.0,2,430.57,16,0
12453.0,1,707.09,133,0
12454.0,5,16679.78,55,0
12455.0,10,5879.95,72,0
12456.0,3,3181.04,43,0
12457.0,8,2995.91,65,0
12458.0,4,1777.49,70,0
12459.0,1,454.36,604,1
12460.0,1,326.65,455,1
12461.0,2,826.88,93,0
12462.0,2,1189.59,18,0
12463.0,4,1344.78,52,0
12464.0,8,1212.05,9,0
12465.0,2,742.19,16,0
12466.0,1,56.73,681,1
12467.0,1,132.8,422,1
12468.0,5,3670.74,187,0
12469.0,2,3070.54,522,1
12470.0,1,211.95,689,1
12471.0,79,39963.79,1,0
12472.0,19,17880.59,31,0
12473.0,5,3938.55,28,0
12474.0,31,12424.45,16,0
12475.0,2,1149.64,53,0
12476.0,23,14115.41,15,0
12477.0,9,20276.37,22,0
12478.0,1,680.99,3,0
12479.0,1,527.2,10,0
12480.0,7,5464.85,27,0
12481.0,15,12361.39,22,0
12482.0,29,23691.4,575,1
12483.0,19,5120.58,16,0
12484.0,12,6370.15,32,0
12485.0,1,708.1,528,1
12486.0,1,1037.28,431,1
12487.0,1,285.3,730,1
12488.0,3,1298.66,9,0
12489.0,1,334.93,335,0
12490.0,21,9823.64,4,0
12491.0,1,460.4,38,0
12492.0,3,715.21,62,0
12493.0,2,433.74,165,0
12494.0,9,1872.87,15,0
12495.0,1,357.4,640,1
12496.0,2,54.09,619,1
12497.0,3,6248.5,81,0
12498.0,3,403.7,20,0
12499.0,1,393.72,559,1
12500.0,19,5955.21,22,0
12501.0,1,2169.39,336,0
12502.0,5,3723.87,95,0
12503.0,1,1126.0,583,1
12504.0,4,779.05,17,0
12505.0,1,955.2,408,1
12506.0,1,73.5,232,0
12507.0,4,1844.06,133,0
12508.0,2,398.27,25,0
12509.0,1,176.5,283,0
12510.0,9,5178.02,142,0
12511.0,1,3084.02,428,1
12512.0,2,138.03,65,0
12513.0,1,612.29,112,0
12514.0,2,1597.76,266,0
12515.0,1,383.7,352,0
12516.0,4,2648.62,77,0
12517.0,5,2502.84,27,0
12518.0,5,2056.89,0,0
12519.0,2,726.54,63,0
12520.0,5,2634.26,78,0
12521.0,1,599.68,142,0
12522.0,2,192.72,38,0
12523.0,23,4372.15,18,0
12524.0,17,11126.11,8,0
12525.0,3,973.73,497,1
12526.0,3,1316.66,0,0
12527.0,5,735.51,81,0
12528.0,6,1933.48,8,0
12529.0,1,316.48,527,1
12530.0,9,3759.26,59,0
12531.0,2,1933.2,14,0
12532.0,1,349.83,29,0
12533.0,2,1367.89,627,1
12534.0,1,1089.18,130,0
12535.0,2,716.35,91,0
12536.0,3,12601.83,42,0
12537.0,1,732.94,408,1
12538.0,2,640.45,28,0
12539.0,7,11214.75,21,0
12540.0,33,22254.49,19,0
12541.0,3,981.18,29,0
12542.0,2,481.88,483,1
12543.0,1,980.25,447,1
12544.0,1,372.7,35,0
12545.0,2,1000.39,74,0
12546.0,2,1161.5,46,0
12547.0,3,383.58,197,0
12548.0,1,95.2,165,0
12549.0,6,1575.68,575,1
12550.0,1,964.83,78,0
12551.0,1,168.0,357,0
12552.0,2,437.82,38,0
12553.0,12,4608.75,7,0
12554.0,1,468.5,448,1
12555.0,1,129.23,681,1
12556.0,2,603.71,49,0
12557.0,8,18716.14,15,0
12558.0,1,269.96,7,0
12559.0,2,561.71,310,0
12560.0,3,2134.01,4,0
12561.0,1,238.85,302,0
12562.0,9,4966.92,7,0
12563.0,1,249.24,408,1
12564.0,1,456.9,260,0
12565.0,1,145.92,288,0
12566.0,1,351.65,85,0
12567.0,15,13709.86,22,0
12568.0,1,70.0,644,1
12569.0,32,4124.69,1,0
12570.0,1,77.52,681,1
12571.0,2,519.61,39,0
12572.0,2,1020.42,8,0
12573.0,5,717.41,226,0
12574.0,1,218.45,315,0
12575.0,2,622.82,456,1
12576.0,8,2142.72,35,0
12577.0,8,1653.75,34,0
12578.0,4,4642.45,20,0
12579.0,1,440.42,77,0
12580.0,2,1052.9,246,0
12581.0,1,197.71,39,0
12582.0,4,1980.4,238,0
12583.0,27,14447.44,2,0
12584.0,9,2338.15,3,0
12585.0,2,2040.1,233,0
12586.0,4,2062.67,16,0
12587.0,1,144.0,7,0
12588.0,4,958.78,38,0
12589.0,8,4695.66,28,0
12590.0,2,9864.26,210,0
12591.0,3,1352.15,316,0
12592.0,5,2582.66,91,0
12593.0,3,418.1,108,0
12594.0,15,5090.11,37,0
12595.0,1,299.02,504,1
12596.0,2,618.27,50,0
12597.0,4,3811.22,18,0
12598.0,11,4534.09,9,0
12599.0,13,2296.72,28,0
12600.0,21,5043.92,28,0
12601.0,6,681.26,189,0
12602.0,1,153.12,58,0
12603.0,1,739.2,21,0
12604.0,2,254.18,78,0
12605.0,4,1232.95,375,1
12606.0,1,21.0,681,1
12607.0,1,1579.51,59,0
12608.0,1,415.79,404,1
12609.0,9,3435.86,77,0
12610.0,5,2099.54,22,0
12611.0,1,1193.32,51,0
12612.0,1,704.04,73,0
12613.0,10,6835.07,56,0
12614.0,1,315.6,277,0
12615.0,8,5740.98,1,0
12616.0,3,1131.1,94,0
12617.0,1,355.53,28,0
12618.0,1,177.31,21,0
12619.0,10,3781.38,15,0
12620.0,3,1339.41,14,0
12621.0,35,24775.81,1,0
12622.0,1,180.1,231,0
12623.0,7,3747.84,275,0
12624.0,2,641.13,105,0
12625.0,4,5164.88,211,0
12626.0,9,6620.48,22,0
12627.0,7,4478.53,10,0
12628.0,3,786.46,3,0
12629.0,2,1558.22,385,1
12630.0,2,1270.88,9,0
12631.0,6,3481.57,56,0
12632.0,2,804.88,520,1
12633.0,7,5678.16,58,0
12634.0,2,490.0,535,1
12635.0,4,2930.41,89,0
12636.0,1,141.0,738,1
12637.0,12,8340.31,66,0
12638.0,2,921.49,32,0
12639.0,3,1312.37,238,0
12640.0,3,1174.58,23,0
12641.0,1,185.9,114,0
12642.0,3,1013.26,24,0
12643.0,12,8350.42,127,0
12644.0,4,1918.49,129,0
12645.0,8,3539.3,33,0
12646.0,2,1346.97,4,0
12647.0,36,17924.35,21,0
12648.0,4,1112.0,154,0
12649.0,8,2294.65,106,0
12650.0,1,314.44,2,0
12651.0,4,377.75,334,0
12652.0,2,1017.03,330,0
12653.0,3,4160.83,148,0
12654.0,5,601.98,10,0
12655.0,1,261.35,423,1
12656.0,8,6407.83,16,0
12657.0,4,1643.18,10,0
12658.0,1,686.05,18,0
12659.0,1,91.68,29,0
12660.0,1,245.1,10,0
12661.0,1,162.0,435,1
12662.0,20,6988.02,0,0
12663.0,2,239.4,624,1
12664.0,11,6070.04,7,0
12665.0,3,313.6,324,0
12666.0,1,1248.42,393,1
12667.0,1,620.13,57,0
12668.0,10,11444.68,11,0
12669.0,3,2744.03,150,0
12670.0,7,3760.29,9,0
12671.0,1,2622.48,605,1
12672.0,2,437.05,329,0
12673.0,3,1230.02,4,0
12674.0,4,1970.6,38,0
12675.0,2,958.5,553,1
12676.0,11,2843.09,24,0
12677.0,2,395.1,554,1
12678.0,21,34281.18,41,0
12679.0,4,1113.02,58,0
12680.0,4,880.81,0,0
12681.0,45,30868.28,14,0
12682.0,52,24033.91,3,0
12683.0,21,12696.78,3,0
12684.0,7,2283.63,7,0
12685.0,6,2863.08,27,0
12686.0,1,178.28,371,1
12687.0,2,2138.91,480,1
12688.0,1,4873.81,113,0
12689.0,2,1247.61,25,0
12690.0,1,389.01,205,0
12691.0,7,1170.4,27,0
12692.0,1,110.95,636,1
12693.0,7,1703.02,126,0
12694.0,3,1843.35,69,0
12695.0,7,1407.12,6,0
12696.0,2,851.91,434,1
12697.0,3,957.59,28,0
12698.0,1,339.75,589,1
12699.0,1,638.11,417,1
12700.0,4,4939.99,7,0
12701.0,6,2446.41,79,0
12702.0,1,219.0,19,0
12703.0,4,1006.53,70,0
12704.0,8,2340.84,6,0
12705.0,14,11762.1,14,0
12707.0,1,603.42,291,0
12708.0,18,5314.1,29,0
12709.0,34,31093.34,14,0
12710.0,3,1149.02,96,0
12711.0,2,1339.05,611,1
12712.0,21,7193.66,28,0
12713.0,1,848.55,0,0
12714.0,12,14093.71,8,0
12715.0,1,353.86,105,0
12716.0,2,1053.49,3,0
12717.0,3,1308.91,150,0
12718.0,1,238.25,70,0
12719.0,2,644.95,4,0
12720.0,30,8260.67,2,0
12721.0,8,4013.08,31,0
12722.0,4,997.63,84,0
12723.0,5,725.07,3,0
12724.0,7,2317.52,4,0
12725.0,4,2694.56,370,1
12726.0,11,4014.6,27,0
12727.0,10,5679.53,10,0
12728.0,5,1070.17,70,0
12729.0,1,453.01,113,0
12730.0,1,829.25,521,1
12731.0,17,25775.71,23,0
12732.0,1,236.26,179,0
12733.0,4,2424.87,233,0
12734.0,3,639.65,352,0
12735.0,2,779.57,314,0
12736.0,1,234.0,332,0
12737.0,2,3710.5,498,1
12738.0,1,310.7,371,1
12739.0,4,2726.73,77,0
12740.0,1,427.6,63,0
12741.0,2,406.07,528,1
12742.0,1,1201.52,625,1
12743.0,2,546.43,133,0
12744.0,11,25317.06,51,0
12745.0,3,925.41,486,1
12746.0,1,254.55,540,1
12747.0,26,9276.54,1,0
12748.0,336,56599.39,0,0
12749.0,9,6897.36,3,0
12750.0,1,275.88,128,0
12751.0,1,268.27,444,1
12752.0,1,4366.78,80,0
12753.0,6,21429.39,22,0
12754.0,3,3010.74,235,0
12755.0,11,9030.66,280,0
12756.0,1,112.08,86,0
12757.0,13,7857.1,15,0
12758.0,7,9903.24,116,0
12759.0,8,5020.74,51,0
12760.0,1,347.8,455,1
12761.0,2,782.95,457,1
12762.0,2,1898.52,7,0
12763.0,2,814.16,137,0
12764.0,1,1693.88,316,0
12765.0,6,1404.58,471,1
12766.0,9,10068.28,3,0
12767.0,1,949.82,375,1
12768.0,1,168.69,450,1
12769.0,1,1143.6,238,0
12770.0,2,3246.45,210,0
12771.0,1,282.3,485,1
12772.0,1,892.47,59,0
12773.0,1,124.25,563,1
12774.0,1,98.7,535,1
12775.0,7,1686.12,16,0
12776.0,1,55.5,667,1
12777.0,1,519.45,457,1
12778.0,9,1775.68,19,0
12779.0,14,6722.27,37,0
12780.0,1,337.4,598,1
12781.0,2,826.74,63,0
12782.0,11,4618.24,4,0
12783.0,6,2225.91,1,0
12784.0,3,1804.75,8,0
12785.0,3,1100.4,363,0
12786.0,1,728.5,609,1
12787.0,4,862.18,9,0
12788.0,4,444.9,462,1
12789.0,3,273.35,64,0
12790.0,2,591.85,191,0
12791.0,6,1056.11,373,1
12792.0,2,827.01,256,0
12793.0,3,1017.33,334,0
12794.0,2,860.41,52,0
12795.0,1,430.48,18,0
12796.0,1,381.0,627,1
12797.0,2,806.11,365,0
12798.0,4,8510.93,9,0
12799.0,1,219.35,528,1
12800.0,3,584.25,469,1
12801.0,1,1071.82,500,1
12802.0,7,2416.42,186,0
12803.0,1,1092.81,392,1
12804.0,2,327.02,465,1
12805.0,4,1434.95,381,1
12806.0,4,2878.96,434,1
12807.0,1,330.35,382,1
12808.0,5,906.1,36,0
12809.0,3,1755.94,177,0
12810.0,2,534.99,534,1
12811.0,5,1033.9,260,0
12812.0,1,229.64,44,0
12813.0,3,1687.8,501,1
12814.0,1,125.92,101,0
12815.0,2,1063.46,147,0
12816.0,2,572.2,95,0
12817.0,3,690.98,280,0
12818.0,1,1542.08,261,0
12819.0,1,540.52,457,1
12820.0,11,2689.52,2,0
12821.0,2,220.8,213,0
12822.0,2,948.88,70,0
12823.0,18,6501.5,74,0
12824.0,1,397.12,59,0
12825.0,2,518.63,520,1
12826.0,12,2955.75,2,0
12827.0,3,430.15,5,0
12828.0,6,1018.71,2,0
12829.0,3,385.3,336,0
12830.0,6,6814.64,37,0
12831.0,3,451.11,261,0
12832.0,2,383.03,31,0
12833.0,1,417.38,144,0
12834.0,1,312.38,282,0
12835.0,41,6043.31,427,1
12836.0,15,6585.62,58,0
12837.0,2,688.41,172,0
12838.0,10,3398.48,33,0
12839.0,26,10071.73,2,0
12840.0,7,4041.97,143,0
12841.0,40,7540.68,4,0
12842.0,4,1917.99,69,0
12843.0,30,6588.41,65,0
12844.0,4,648.6,28,0
12845.0,4,354.09,266,0
12846.0,1,15.58,681,1
12847.0,2,1636.9,21,0
12848.0,1,208.0,675,1
12849.0,6,3090.56,30,0
12850.0,1,330.0,445,1
12851.0,2,284.13,96,0
12852.0,1,311.55,294,0
12853.0,11,3907.5,134,0
12854.0,7,2994.02,78,0
12855.0,4,650.94,372,1
12856.0,6,2179.93,7,0
12857.0,6,3688.0,210,0
12858.0,1,177.92,382,1
12859.0,1,575.1,458,1
12860.0,1,55.47,692,1
12861.0,1,68.25,619,1
12862.0,2,1008.32,425,1
12863.0,6,2792.55,51,0
12864.0,2,299.57,137,0
12865.0,4,3323.47,25,0
12866.0,3,1227.35,282,0
12867.0,13,7913.29,25,0
12868.0,8,2247.06,185,0
12869.0,1,337.67,681,1
12870.0,3,1676.95,374,1
12871.0,3,744.02,83,0
12872.0,12,3685.49,326,0
12873.0,3,2027.3,281,0
12874.0,2,948.42,384,1
12875.0,5,1356.99,142,0
12876.0,4,4081.79,57,0
12877.0,20,2955.17,3,0
12878.0,2,854.99,235,0
12879.0,3,573.22,44,0
12880.0,2,640.13,381,1
12881.0,1,298.0,275,0
12882.0,2,1463.04,8,0
12883.0,4,703.47,24,0
12884.0,1,309.05,87,0
12885.0,3,1175.22,62,0
12886.0,2,1378.4,67,0
12887.0,1,222.4,383,1
12888.0,2,354.12,213,0
12889.0,4,385.46,380,1
12890.0,2,717.27,23,0
12891.0,11,840.5,185,0
12892.0,1,263.38,396,1
12893.0,1,188.14,30,0
12894.0,1,157.35,574,1
12895.0,2,372.8,41,0
12897.0,4,514.25,204,0
12898.0,2,310.96,463,1
12899.0,1,366.4,413,1
12900.0,1,340.33,421,1
12901.0,28,17654.54,8,0
12902.0,1,138.68,264,0
12903.0,1,833.53,428,1
12904.0,2,509.58,17,0
12905.0,2,1018.42,576,1
12906.0,5,2919.81,11,0
12907.0,2,508.91,395,1
12908.0,5,1776.0,175,0
12909.0,8,3103.19,39,0
12910.0,13,5796.52,22,0
12911.0,1,1680.47,551,1
12912.0,5,1662.3,2,0
12913.0,13,6700.86,4,0
12914.0,1,223.98,400,1
12915.0,4,1174.75,148,0
12916.0,7,4654.02,138,0
12917.0,6,4359.2,127,0
12918.0,1,10953.5,625,1
12919.0,6,1335.19,7,0
12920.0,4,488.09,16,0
12921.0,74,35921.04,8,0
12922.0,1,405.38,160,0
12923.0,3,789.87,63,0
12924.0,12,2469.4,87,0
12925.0,3,729.33,4,0
12926.0,4,1548.46,410,1
12927.0,1,197.31,394,1
12928.0,12,4304.89,34,0
12929.0,1,117.85,311,0
12930.0,2,415.8,77,0
12931.0,57,92347.34,21,0
12932.0,8,1698.56,538,1
12933.0,8,1687.03,23,0
12934.0,1,181.65,736,1
12935.0,15,4243.86,1,0
12936.0,4,1063.9,16,0
12937.0,9,3097.61,14,0
12938.0,1,114.14,25,0
12939.0,20,25264.8,63,0
12940.0,2,913.54,54,0
12941.0,1,377.49,723,1
12942.0,3,942.65,130,0
12943.0,2,496.5,557,1
12944.0,2,604.51,35,0
12945.0,2,900.11,287,0
12946.0,1,324.45,436,1
12947.0,6,1908.03,143,0
12948.0,9,2317.43,15,0
12949.0,22,15526.7,30,0
12950.0,3,1843.0,1,0
12951.0,15,3213.72,8,0
12952.0,4,1387.79,5,0
12953.0,2,828.81,9,0
12954.0,1,162.45,638,1
12955.0,11,4757.16,0,0
12956.0,4,521.89,305,0
12957.0,13,8706.97,9,0
12958.0,2,539.49,399,1
12959.0,1,150.95,483,1
12960.0,4,1322.07,413,1
12961.0,1,211.99,378,1
12962.0,2,266.39,6,0
12963.0,12,3601.59,7,0
12964.0,1,132.24,436,1
12965.0,1,771.91,88,0
12966.0,1,160.18,9,0
12967.0,3,4306.92,357,0
12968.0,1,135.95,111,0
12969.0,1,122.45,602,1
12970.0,10,1524.97,6,0
12971.0,116,15972.79,3,0
12972.0,4,1161.2,413,1
12973.0,1,385.55,413,1
12974.0,2,408.95,197,0
12975.0,6,2100.09,436,1
12976.0,8,3156.38,211,0
12977.0,4,517.63,155,0
12978.0,5,2502.82,384,1
12979.0,1,517.7,728,1
12980.0,21,16245.78,157,0
12981.0,2,372.22,29,0
12982.0,8,2744.81,242,0
12983.0,1,490.08,597,1
12984.0,1,97.5,18,0
12985.0,2,1239.38,0,0
12986.0,10,2729.84,428,1
12987.0,5,1312.21,73,0
12988.0,1,535.32,291,0
12989.0,33,13551.75,2,0
12990.0,7,955.5,30,0
12991.0,3,764.82,22,0
12992.0,1,93.35,724,1
12993.0,8,1259.63,22,0
12994.0,3,974.42,3,0
12995.0,1,211.32,84,0
12996.0,1,355.5,375,1
12997.0,8,2110.91,21,0
12998.0,3,920.08,492,1
12999.0,3,455.88,195,0
13000.0,4,1032.5,106,0
13001.0,33,24172.1,3,0
13002.0,3,414.13,317,0
13003.0,3,149.05,105,0
13004.0,36,11650.85,11,0
13005.0,4,999.68,173,0
13006.0,1,81.57,55,0
13007.0,1,175.25,579,1
13008.0,3,612.13,322,0
13009.0,1,234.0,672,1
13010.0,2,330.12,373,1
13011.0,1,101.1,371,1
13012.0,11,2972.83,8,0
13013.0,29,12625.77,0,0
13014.0,11,5381.08,10,0
13015.0,11,6586.42,52,0
13016.0,3,789.89,72,0
13017.0,1,204.0,6,0
13018.0,35,9763.16,15,0
13019.0,6,1229.95,378,1
13020.0,2,618.96,562,1
13021.0,17,4887.24,3,0
13022.0,1,65.3,429,1
13023.0,3,1449.03,63,0
13024.0,2,555.87,470,1
13025.0,1,323.39,731,1
13026.0,9,1733.08,0,0
13027.0,19,17335.2,113,0
13028.0,2,661.32,22,0
13029.0,5,1927.3,30,0
13030.0,2,1227.22,10,0
13031.0,5,3419.27,406,1
13032.0,9,2843.55,51,0
13033.0,2,220.55,356,0
13034.0,3,922.68,54,0
13035.0,3,1364.2,73,0
13036.0,1,307.1,684,1
13037.0,12,3914.95,137,0
13038.0,3,908.46,79,0
13039.0,4,1010.73,583,1
13040.0,2,676.99,8,0
13041.0,4,799.13,450,1
13042.0,3,1556.54,597,1
13043.0,1,516.42,272,0
13044.0,11,4853.9,290,0
13045.0,3,808.92,98,0
13046.0,3,949.25,30,0
13047.0,24,8795.16,31,0
13048.0,9,4084.21,13,0
13049.0,4,1408.24,63,0
13050.0,35,12344.53,14,0
13051.0,2,155.8,578,1
13052.0,7,3168.53,211,0
13053.0,1,127.65,621,1
13055.0,4,2321.11,77,0
13056.0,1,209.48,550,1
13057.0,3,722.09,529,1
13058.0,3,271.4,24,0
13059.0,10,2303.17,249,0
13060.0,1,307.53,253,0
13061.0,1,248.61,71,0
13062.0,1,346.98,190,0
13063.0,1,188.4,480,1
13064.0,6,1680.74,12,0
13065.0,5,1260.91,372,1
13066.0,2,470.8,23,0
13067.0,3,508.51,81,0
13068.0,2,344.0,9,0
13069.0,38,9683.13,0,0
13070.0,4,751.7,191,0
13071.0,1,129.22,611,1
13072.0,1,177.15,266,0
13073.0,2,418.08,410,1
13074.0,4,1378.74,510,1
13075.0,1,919.61,129,0
13076.0,1,135.4,457,1
13077.0,11,3064.67,0,0
13078.0,57,29532.45,2,0
13079.0,6,419.18,3,0
13080.0,4,280.73,178,0
13081.0,28,59205.15,11,0
13082.0,21,7335.75,125,0
13083.0,3,395.43,3,0
13084.0,1,122.4,491,1
13085.0,8,2433.28,157,0
13086.0,1,439.33,382,1
13087.0,1,313.64,725,1
13088.0,1,236.11,416,1
13089.0,203,116737.86,2,0
13090.0,24,14103.09,8,0
13091.0,3,2321.82,27,0
13092.0,12,2140.28,70,0
13093.0,55,54943.65,275,0
13094.0,13,2433.12,20,0
13095.0,1,74.4,70,0
13096.0,1,419.7,393,1
13097.0,28,13389.22,32,0
13098.0,28,28882.44,0,0
13099.0,1,207.36,98,0
13101.0,4,695.4,233,0
13102.0,37,11696.92,0,0
13103.0,3,709.64,39,0
13104.0,9,1709.1,2,0
13105.0,1,72.0,435,1
13106.0,2,603.46,132,0
13107.0,9,5253.07,43,0
13108.0,2,1098.52,372,1
13109.0,3,1134.03,59,0
13110.0,12,2957.47,30,0
13111.0,1,321.88,718,1
13112.0,1,20.6,540,1
13113.0,37,18625.73,0,0
13114.0,1,234.38,730,1
13115.0,10,5494.7,11,0
13116.0,1,501.14,137,0
13117.0,18,2643.81,21,0
13118.0,9,2415.41,19,0
13119.0,1,134.9,668,1
13120.0,1,30.6,238,0
13121.0,1,283.73,268,0
13122.0,2,922.39,93,0
13123.0,2,506.75,472,1
13124.0,4,4782.45,89,0
13125.0,1,158.57,523,1
13126.0,13,3998.25,4,0
13127.0,1,259.17,77,0
13128.0,1,263.5,630,1
13129.0,2,233.25,451,1
13130.0,1,64.0,93,0
13131.0,7,3313.77,22,0
13132.0,1,77.3,261,0
13133.0,3,200.45,273,0
13134.0,6,2475.23,85,0
13135.0,2,3371.45,196,0
13136.0,13,6274.56,55,0
13137.0,16,7712.7,10,0
13138.0,7,1467.24,21,0
13139.0,8,8202.98,15,0
13140.0,5,1215.68,107,0
13141.0,17,7668.58,84,0
13142.0,1,307.09,18,0
13143.0,1,405.1,584,1
13144.0,2,135.35,332,0
13145.0,7,1423.52,39,0
13146.0,1,228.91,25,0
13147.0,4,712.8,9,0
13148.0,26,8621.81,28,0
13149.0,4,1676.06,13,0
13150.0,3,449.97,483,1
13151.0,3,2580.74,295,0
13152.0,7,2146.38,416,1
13153.0,1,486.22,5,0
13154.0,3,1624.84,398,1
13155.0,6,1750.18,32,0
13156.0,3,1586.54,384,1
13157.0,9,5687.36,48,0
13158.0,5,1508.18,94,0
13159.0,4,1437.85,8,0
13160.0,1,91.8,21,0
13161.0,2,478.88,312,0
13162.0,16,9275.49,121,0
13163.0,1,17.65,609,1
13164.0,2,372.2,568,1
13165.0,3,1451.16,45,0
13166.0,2,884.18,282,0
13167.0,5,1125.15,18,0
13168.0,5,1875.31,35,0
13169.0,3,840.08,63,0
13170.0,1,116.01,26,0
13171.0,3,468.41,21,0
13172.0,1,69.6,399,1
13173.0,11,2639.35,3,0
13174.0,12,9494.84,15,0
13175.0,2,831.45,581,1
13176.0,1,492.84,45,0
13177.0,2,512.2,64,0
13178.0,21,14059.19,25,0
13179.0,1,572.31,618,1
13180.0,1,86.1,606,1
13181.0,1,359.69,380,1
13182.0,1,121.18,44,0
13183.0,15,7036.18,7,0
13184.0,10,1701.29,14,0
13185.0,1,71.4,267,0
13186.0,3,1575.89,39,0
13187.0,4,367.01,336,0
13188.0,1,114.6,10,0
13189.0,2,260.68,18,0
13190.0,3,570.66,543,1
13191.0,1,164.69,657,1
13192.0,6,2558.58,94,0
13193.0,1,117.88,60,0
13194.0,2,472.78,135,0
13195.0,1,172.38,413,1
13196.0,7,3068.84,10,0
13197.0,1,373.01,609,1
13198.0,8,4974.23,9,0
13199.0,67,16432.89,3,0
13200.0,4,870.09,18,0
13201.0,4,1240.61,501,1
13202.0,7,1580.3,393,1
13203.0,10,2648.25,9,0
13204.0,1,966.66,730,1
13205.0,1,2803.2,442,1
13206.0,13,8377.32,399,1
13207.0,4,535.86,14,0
13208.0,9,1988.5,58,0
13209.0,13,8509.51,29,0
13210.0,1,353.48,93,0
13211.0,10,2729.32,9,0
13212.0,3,788.08,19,0
13213.0,11,3851.52,56,0
13214.0,7,3264.23,417,1
13215.0,1,81.6,401,1
13216.0,1,333.74,267,0
13217.0,4,666.48,121,0
13218.0,1,62.64,126,0
13219.0,1,76.23,617,1
13220.0,5,1336.09,77,0
13221.0,2,847.41,239,0
13222.0,1,88.5,576,1
13223.0,6,969.12,199,0
13224.0,2,2155.95,59,0
13225.0,16,16260.07,2,0
13226.0,2,312.46,272,0
13227.0,1,257.7,201,0
13228.0,1,358.0,80,0
13229.0,1,160.95,225,0
13230.0,30,6360.78,3,0
13232.0,7,1357.6,12,0
13233.0,4,1176.46,73,0
13234.0,2,356.95,672,1
13235.0,1,1031.07,211,0
13236.0,2,744.85,24,0
13237.0,1,643.0,387,1
13238.0,6,1006.63,16,0
13239.0,5,1594.69,261,0
13240.0,8,1738.52,95,0
13241.0,1,115.58,411,1
13242.0,7,699.4,111,0
13243.0,5,1278.04,202,0
13244.0,1,121.74,92,0
13245.0,2,989.22,50,0
13246.0,11,3387.43,17,0
13247.0,4,501.12,17,0
13248.0,2,465.68,124,0
13249.0,9,1608.93,91,0
13250.0,2,256.04,460,1
13251.0,1,252.68,401,1
13252.0,2,399.3,393,1
13253.0,4,2951.11,156,0
13254.0,1,51.41,375,1
13255.0,3,904.46,8,0
13257.0,1,149.75,435,1
13258.0,5,1035.18,11,0
13259.0,9,1433.38,61,0
13260.0,1,557.62,60,0
13261.0,2,944.1,268,0
13262.0,3,573.45,262,0
13263.0,39,8704.69,0,0
13264.0,1,722.56,442,1
13265.0,5,2107.66,52,0
13266.0,19,6135.04,10,0
13267.0,36,9758.26,2,0
13268.0,11,3214.69,17,0
13269.0,28,8891.7,0,0
13270.0,1,1180.0,365,0
13271.0,1,217.38,36,0
13272.0,2,276.56,30,0
13273.0,1,138.98,112,0
13274.0,1,360.85,408,1
13275.0,2,241.66,383,1
13276.0,5,1939.26,63,0
13277.0,7,523.3,15,0
13278.0,4,1435.85,40,0
13279.0,1,137.75,77,0
13280.0,7,2322.63,121,0
13281.0,1,350.85,438,1
13282.0,4,1313.19,17,0
13283.0,4,373.36,59,0
13284.0,1,201.19,330,0
13285.0,6,3364.59,22,0
13286.0,1,734.91,599,1
13287.0,3,781.59,602,1
13288.0,5,927.61,442,1
13289.0,1,307.95,723,1
13290.0,1,208.63,437,1
13291.0,11,3320.84,155,0
13292.0,5,994.51,38,0
13293.0,6,1192.94,391,1
13294.0,3,1689.53,189,0
13295.0,4,1101.97,359,0
13296.0,6,792.51,136,0
13297.0,7,4368.62,7,0
13298.0,1,360.0,0,0
13299.0,3,1218.7,267,0
13300.0,3,1285.51,168,0
13301.0,4,618.09,103,0
13302.0,2,159.2,154,0
13303.0,1,61.72,399,1
13304.0,4,1217.99,350,0
13305.0,16,3754.71,3,0
13306.0,1,53.65,429,1
13307.0,3,273.34,119,0
13308.0,4,1670.37,22,0
13309.0,6,1706.37,6,0
13310.0,5,1541.2,27,0
13311.0,2,598.57,3,0
13312.0,1,124.75,450,1
13313.0,12,3445.32,21,0
13314.0,3,775.94,1,0
13315.0,1,310.26,688,1
13316.0,10,13191.57,36,0
13317.0,19,6486.09,65,0
13318.0,3,640.76,0,0
13319.0,58,22082.5,4,0
13320.0,6,2228.1,77,0
13321.0,2,567.36,71,0
13322.0,1,199.48,16,0
13323.0,5,787.85,2,0
13324.0,18,10513.47,35,0
13325.0,1,675.3,81,0
13326.0,1,281.76,431,1
13327.0,20,9879.48,38,0
13328.0,1,1308.48,315,0
13329.0,8,5112.97,31,0
13330.0,6,2806.18,92,0
13331.0,1,262.4,401,1
13332.0,1,350.9,13,0
13333.0,3,1015.74,410,1
13334.0,5,6263.75,81,0
13336.0,1,795.12,76,0
13337.0,1,1575.26,545,1
13338.0,4,2445.62,157,0
13339.0,1,860.12,200,0
13340.0,12,22100.56,44,0
13341.0,1,775.85,260,0
13343.0,1,353.43,177,0
13344.0,3,2543.72,67,0
13345.0,1,389.5,287,0
13346.0,6,299.4,462,1
13347.0,1,341.36,69,0
13348.0,1,233.76,63,0
13349.0,1,247.32,10,0
13350.0,2,979.12,15,0
13351.0,1,373.94,65,0
13352.0,1,397.98,59,0
13354.0,1,743.53,70,0
13355.0,1,674.7,121,0
13356.0,1,768.24,79,0
13357.0,5,3838.36,256,0
13358.0,1,439.03,268,0
13359.0,2,1043.31,63,0
13360.0,4,1553.65,431,1
13361.0,2,1450.5,471,1
13362.0,7,5394.07,8,0
13363.0,3,1723.86,17,0
13364.0,1,134.96,70,0
13365.0,2,2225.37,33,0
13366.0,1,56.16,49,0
13367.0,1,510.2,431,1
13368.0,4,1121.5,256,0
13369.0,1,616.56,365,0
13370.0,1,1509.74,371,1
13371.0,2,2297.66,504,1
13372.0,1,378.64,89,0
13373.0,6,7587.19,60,0
13374.0,2,422.8,414,1
13375.0,2,1792.23,88,0
13376.0,3,1019.76,98,0
13377.0,2,1552.88,396,1
13379.0,3,572.56,25,0
13380.0,1,62.4,432,1
13381.0,12,8224.37,31,0
13382.0,5,1387.58,280,0
13383.0,1,305.28,543,1
13384.0,11,6680.83,30,0
13385.0,1,534.57,329,0
13386.0,2,835.46,413,1
13387.0,1,189.44,416,1
13388.0,3,1185.65,130,0
13389.0,3,797.96,10,0
13390.0,1,544.08,74,0
13391.0,1,59.8,203,0
13392.0,1,91.14,676,1
13393.0,4,1131.45,583,1
13394.0,19,6621.7,1,0
13395.0,3,1180.23,184,0
13396.0,2,1360.99,28,0
13397.0,10,3191.87,72,0
13398.0,2,670.34,191,0
13399.0,3,275.4,463,1
13400.0,1,310.83,582,1
13402.0,4,1535.13,126,0
13403.0,3,229.5,17,0
13404.0,2,252.49,0,0
13405.0,6,1213.81,73,0
13406.0,2,568.92,426,1
13407.0,3,2244.7,578,1
13408.0,106,51733.46,1,0
13410.0,9,2201.96,23,0
13411.0,1,213.55,106,0
13412.0,1,487.35,619,1
13413.0,6,429.44,639,1
13414.0,6,2494.14,133,0
13415.0,4,800.67,472,1
13416.0,3,940.8,43,0
13417.0,6,1669.49,4,0
13418.0,31,12233.6,11,0
13419.0,1,221.06,63,0
13420.0,2,159.85,149,0
13421.0,8,4103.12,39,0
13422.0,1,2626.3,63,0
13423.0,1,217.03,428,1
13424.0,1,572.77,449,1
13425.0,5,3403.63,107,0
13426.0,22,8167.38,0,0
13427.0,6,1006.53,18,0
13428.0,3,499.98,9,0
13429.0,4,1006.8,10,0
13430.0,2,679.45,18,0
13431.0,8,3316.24,66,0
13432.0,2,439.1,570,1
13433.0,4,658.32,500,1
13434.0,5,1666.86,73,0
13435.0,9,4475.23,4,0
13436.0,1,196.89,1,0
13437.0,7,3408.06,13,0
13438.0,1,46.5,546,1
13439.0,3,986.61,254,0
13440.0,7,1295.25,422,1
13441.0,2,720.9,91,0
13442.0,3,419.87,666,1
13443.0,6,1280.16,448,1
13444.0,2,631.68,373,1
13445.0,1,241.9,625,1
13446.0,11,3881.89,429,1
13447.0,3,1129.14,22,0
13448.0,13,9240.87,16,0
13449.0,1,291.88,23,0
13450.0,13,4120.04,26,0
13451.0,11,7190.92,25,0
13452.0,3,729.8,258,0
13453.0,3,781.69,165,0
13454.0,1,219.87,640,1
13455.0,6,2905.93,24,0
13456.0,6,1766.72,17,0
13457.0,2,148.22,688,1
13458.0,16,11959.27,6,0
13459.0,2,1160.41,624,1
13460.0,2,183.44,28,0
13461.0,6,4160.0,38,0
13462.0,5,1153.85,252,0
13464.0,6,3097.64,57,0
13465.0,2,931.12,445,1
13466.0,5,1013.35,183,0
13467.0,2,1083.71,10,0
13468.0,72,13390.51,1,0
13469.0,1,82.4,652,1
13470.0,2,165.0,98,0
13471.0,4,2531.58,0,0
13472.0,2,592.24,463,1
13473.0,8,2657.76,60,0
13474.0,3,663.79,235,0
13475.0,4,1431.78,190,0
13476.0,5,2061.47,178,0
13477.0,11,2834.17,37,0
13478.0,5,2215.78,468,1
13479.0,4,851.37,200,0
13480.0,2,627.82,416,1
13481.0,11,3830.84,45,0
13482.0,2,336.09,231,0
13483.0,1,140.34,65,0
13484.0,3,790.72,240,0
13485.0,11,3019.22,232,0
13486.0,3,1122.41,77,0
13487.0,5,846.87,57,0
13488.0,23,15587.88,16,0
13489.0,4,449.52,104,0
13490.0,1,154.25,653,1
13491.0,27,4566.56,51,0
13492.0,3,1269.84,135,0
13493.0,2,618.63,274,0
13494.0,1,316.26,311,0
13495.0,10,5374.26,7,0
13496.0,2,653.33,10,0
13497.0,6,1320.33,282,0
13498.0,1,327.38,729,1
13499.0,5,1159.11,17,0
13500.0,4,1466.3,22,0
13501.0,3,2885.11,287,0
13502.0,5,780.5,16,0
13503.0,6,1905.39,70,0
13504.0,1,295.93,63,0
13505.0,4,4393.63,72,0
13506.0,5,1639.2,315,0
13507.0,4,2479.16,2,0
13508.0,2,287.05,243,0
13509.0,8,1114.72,8,0
13510.0,11,4558.29,0,0
13511.0,1,282.76,676,1
13512.0,4,713.39,260,0
13513.0,3,824.59,126,0
13514.0,4,815.9,73,0
13515.0,6,1265.82,72,0
13516.0,4,1685.26,20,0
13517.0,3,2128.42,59,0
13518.0,1,659.44,85,0
13519.0,2,343.21,77,0
13520.0,11,6909.4,58,0
13521.0,3,1093.65,0,0
13522.0,1,125.8,29,0
13523.0,6,5101.52,32,0
13524.0,5,680.18,40,0
13525.0,2,628.78,14,0
13526.0,2,1182.0,737,1
13527.0,12,4683.74,33,0
13529.0,2,307.76,78,0
13530.0,1,402.98,633,1
13531.0,6,1738.52,204,0
13532.0,1,210.31,33,0
13533.0,3,270.79,182,0
13534.0,35,7720.9,1,0
13535.0,1,89.5,402,1
13536.0,7,3448.29,0,0
13537.0,2,717.85,425,1
13538.0,12,3112.73,42,0
13539.0,7,1569.36,85,0
13540.0,3,632.39,466,1
13541.0,2,785.25,426,1
13542.0,17,4006.17,376,1
13543.0,2,1439.61,633,1
13544.0,6,829.0,39,0
13545.0,2,374.64,390,1
13546.0,5,1092.14,11,0
13547.0,1,175.53,407,1
13548.0,3,908.99,95,0
13549.0,8,1005.8,25,0
13550.0,1,349.51,382,1
13551.0,2,244.2,318,0
13552.0,22,6978.92,65,0
13553.0,1,517.8,674,1
13554.0,7,1638.28,379,1
13555.0,13,8999.19,73,0
13556.0,2,200.82,428,1
13557.0,13,3032.26,27,0
13558.0,4,605.06,5,0
13559.0,2,990.0,512,1
13560.0,1,174.37,6,0
13561.0,11,1820.72,215,0
13562.0,8,4838.18,81,0
13563.0,2,777.53,83,0
13564.0,37,17249.55,143,0
13565.0,3,414.8,18,0
13566.0,5,1708.12,40,0
13567.0,4,1083.69,427,1
13568.0,1,192.85,172,0
13569.0,4,893.78,16,0
13570.0,1,239.49,242,0
13571.0,26,4546.54,12,0
13572.0,1,1384.25,205,0
13573.0,6,916.47,49,0
13574.0,1,421.25,410,1
13575.0,5,732.07,22,0
13576.0,28,11551.74,9,0
13577.0,11,3489.28,24,0
13578.0,1,147.66,408,1
13579.0,5,1539.04,14,0
13580.0,1,107.75,405,1
13581.0,2,280.53,308,0
13582.0,2,241.68,389,1
13583.0,2,1445.03,155,0
13584.0,3,392.45,306,0
13585.0,3,684.54,530,1
13586.0,1,131.53,540,1
13587.0,4,1673.5,63,0
13588.0,9,2478.95,15,0
13589.0,6,1120.74,14,0
13590.0,18,6349.59,10,0
13591.0,7,2093.94,64,0
13592.0,4,247.96,35,0
13593.0,14,5523.69,107,0
13594.0,2,533.32,52,0
13595.0,3,818.22,516,1
13596.0,2,697.04,5,0
13597.0,2,396.71,399,1
13598.0,5,789.59,46,0
13599.0,33,10167.63,0,0
13600.0,2,518.42,311,0
13601.0,4,1185.14,44,0
13602.0,4,1025.17,64,0
13603.0,1,164.34,25,0
13604.0,1,717.62,658,1
13605.0,2,522.67,386,1
13606.0,3,280.54,28,0
13607.0,2,1078.31,39,0
13608.0,1,236.2,540,1
13609.0,1,167.35,592,1
13610.0,14,2175.88,11,0
13611.0,10,3319.53,88,0
13612.0,1,818.29,632,1
13613.0,5,1039.85,452,1
13614.0,6,2359.19,23,0
13615.0,8,6272.53,318,0
13616.0,2,288.1,567,1
13617.0,8,1278.75,39,0
13618.0,1,177.34,173,0
13619.0,2,231.69,544,1
13620.0,1,112.34,527,1
13621.0,1,213.85,116,0
13622.0,1,658.95,695,1
13623.0,10,2566.49,30,0
13624.0,1,462.08,387,1
13625.0,1,301.26,596,1
13626.0,2,707.04,252,0
13627.0,7,2245.9,58,0
13628.0,1,310.14,675,1
13629.0,19,13370.86,22,0
13630.0,7,2031.78,4,0
13631.0,11,3070.42,99,0
13632.0,8,3648.15,24,0
13634.0,16,5073.47,32,0
13635.0,4,2999.16,67,0
13636.0,5,949.12,36,0
13637.0,3,810.5,51,0
13638.0,1,122.64,15,0
13639.0,2,1346.27,73,0
13640.0,1,405.0,610,1
13641.0,5,1016.47,640,1
13642.0,4,514.72,215,0
13643.0,10,2156.77,30,0
13644.0,4,2624.26,15,0
13645.0,1,252.1,119,0
13646.0,2,326.25,399,1
13647.0,8,3071.68,9,0
13648.0,8,1764.02,399,1
13649.0,6,1678.88,256,0
13650.0,10,3288.0,16,0
13651.0,3,226.85,34,0
13652.0,5,2570.85,45,0
13653.0,1,152.2,487,1
13654.0,11,6308.0,42,0
13655.0,6,2280.51,113,0
13656.0,4,1078.85,164,0
13657.0,2,382.14,10,0
13658.0,9,6025.5,9,0
13659.0,12,4894.88,205,0
13660.0,1,314.59,399,1
13661.0,1,325.24,602,1
13662.0,11,2250.11,85,0
13663.0,5,2047.51,178,0
13665.0,3,1711.66,385,1
13666.0,5,127.9,59,0
13667.0,1,305.02,148,0
13668.0,35,13089.94,2,0
13669.0,3,413.55,50,0
13670.0,1,349.7,74,0
13671.0,1,194.95,394,1
13672.0,3,419.92,300,0
13673.0,2,396.92,18,0
13674.0,1,240.68,432,1
13675.0,2,486.82,150,0
13676.0,2,243.9,538,1
13677.0,2,556.19,404,1
13678.0,1,232.6,151,0
13679.0,3,281.26,493,1
13680.0,12,11435.67,0,0
13681.0,4,827.83,17,0
13682.0,1,59.5,186,0
13683.0,1,258.6,457,1
13684.0,4,596.98,285,0
13685.0,7,3119.44,2,0
13686.0,3,409.04,182,0
13687.0,1,11880.84,437,1
13688.0,1,375.5,634,1
13689.0,2,1259.5,62,0
13690.0,1,172.25,58,0
13691.0,1,212.78,395,1
13692.0,5,3114.4,24,0
13693.0,9,2011.82,373,1
13694.0,143,196482.81,3,0
13695.0,16,2770.73,30,0
13696.0,3,2020.4,421,1
13697.0,1,151.3,38,0
13698.0,2,465.53,596,1
13699.0,2,764.15,154,0
13700.0,13,2613.46,25,0
13701.0,1,161.0,446,1
13702.0,1,135.18,445,1
13703.0,2,425.56,317,0
13704.0,9,2308.06,4,0
13705.0,7,2035.33,7,0
13706.0,2,631.17,302,0
13707.0,5,3365.86,266,0
13708.0,1,296.88,270,0
13709.0,18,7591.75,3,0
13710.0,3,509.52,31,0
13711.0,9,1792.26,218,0
13712.0,2,766.42,246,0
13713.0,3,743.26,407,1
13714.0,1,161.35,464,1
13715.0,17,8483.29,280,0
13716.0,1,138.28,268,0
13717.0,8,1763.3,31,0
13718.0,2,306.55,245,0
13719.0,11,2815.25,14,0
13720.0,4,799.9,116,0
13721.0,2,741.54,35,0
13722.0,10,5635.41,131,0
13723.0,6,1209.2,216,0
13724.0,1,213.01,636,1
13725.0,8,1980.56,49,0
13726.0,2,1079.66,38,0
13727.0,8,1080.05,28,0
13728.0,16,2855.17,36,0
13729.0,3,724.73,435,1
13730.0,2,752.6,135,0
13731.0,2,610.59,218,0
13732.0,1,491.86,27,0
13733.0,2,487.03,410,1
13734.0,4,6701.64,508,1
13735.0,13,9813.22,24,0
13736.0,7,2766.21,4,0
13737.0,1,339.6,199,0
13738.0,1,440.93,395,1
13739.0,2,292.2,17,0
13740.0,5,1597.77,240,0
13741.0,3,668.43,71,0
13742.0,12,3131.02,16,0
13743.0,7,1341.6,2,0
13744.0,2,1156.36,94,0
13745.0,2,777.36,161,0
13746.0,1,176.69,413,1
13747.0,2,249.4,373,1
13748.0,9,2268.35,95,0
13750.0,11,3602.18,53,0
13751.0,1,296.25,287,0
13752.0,7,1590.73,123,0
13753.0,4,2094.57,287,0
13754.0,3,447.05,151,0
13755.0,9,2161.35,3,0
13756.0,23,9207.5,1,0
13757.0,1,195.55,674,1
13758.0,15,9416.98,11,0
13759.0,2,659.41,32,0
13760.0,5,1363.64,53,0
13761.0,6,1952.17,49,0
13762.0,5,2472.48,218,0
13763.0,3,5217.44,62,0
13764.0,6,2953.26,70,0
13765.0,1,352.82,652,1
13766.0,1,190.35,494,1
13767.0,73,35540.53,1,0
13768.0,2,875.97,726,1
13769.0,20,5800.42,1,0
13770.0,4,785.37,421,1
13771.0,9,5728.82,63,0
13772.0,8,3114.22,33,0
13773.0,2,301.54,396,1
13774.0,1,345.0,81,0
13775.0,1,1049.66,590,1
13776.0,2,623.98,427,1
13777.0,61,56478.42,0,0
13778.0,4,1124.49,102,0
13779.0,1,161.13,515,1
13780.0,3,735.82,6,0
13781.0,3,778.83,250,0
13782.0,13,1793.72,12,0
13783.0,4,1542.09,487,1
13784.0,14,2910.23,9,0
13785.0,4,542.49,428,1
13786.0,6,3358.94,366,1
13787.0,6,1222.5,75,0
13788.0,1,3.75,504,1
13789.0,1,239.46,387,1
13790.0,1,348.8,3,0
13791.0,2,1516.0,127,0
13792.0,3,383.95,65,0
13793.0,1,96.0,646,1
13794.0,1,126.03,546,1
13795.0,4,836.3,387,1
13796.0,1,289.7,498,1
13797.0,3,1179.45,436,1
13798.0,110,75836.87,0,0
13799.0,9,2803.57,116,0
13800.0,3,1679.56,309,0
13801.0,1,324.8,66,0
13802.0,19,26259.11,138,0
13803.0,3,1338.91,254,0
13804.0,9,3208.52,30,0
13805.0,2,924.6,51,0
13806.0,1,256.38,63,0
13807.0,3,534.8,366,1
13808.0,5,1747.66,5,0
13809.0,3,679.7,304,0
13810.0,3,1499.01,28,0
13811.0,3,814.5,183,0
13812.0,3,539.0,41,0
13813.0,8,2765.47,39,0
13814.0,3,2257.32,91,0
13815.0,8,7475.74,21,0
13816.0,2,571.67,23,0
13817.0,2,382.98,28,0
13818.0,1,61.28,429,1
13819.0,6,2642.35,301,0
13820.0,3,660.65,417,1
13821.0,6,1410.73,144,0
13822.0,2,632.0,5,0
13823.0,7,3403.45,18,0
13824.0,12,3314.76,32,0
13825.0,2,255.59,621,1
13826.0,1,189.5,175,0
13827.0,3,412.05,57,0
13828.0,1,209.49,21,0
13829.0,1,102.0,420,1
13830.0,1,156.85,581,1
13831.0,18,7023.58,15,0
13832.0,2,613.69,18,0
13833.0,2,701.36,158,0
13834.0,2,324.19,576,1
13835.0,7,1095.27,24,0
13836.0,2,620.37,398,1
13837.0,2,271.24,211,0
13838.0,10,1966.09,5,0
13839.0,1,139.95,485,1
13840.0,1,651.4,415,1
13841.0,1,85.0,252,0
13842.0,18,5629.91,58,0
13843.0,1,319.75,380,1
13844.0,1,361.62,10,0
13845.0,1,312.98,64,0
13846.0,4,1307.79,24,0
13847.0,1,310.72,719,1
13848.0,8,3335.0,91,0
13849.0,5,3469.3,51,0
13850.0,1,1595.48,128,0
13851.0,8,4606.46,95,0
13852.0,1,187.35,610,1
13853.0,1,1090.14,56,0
13854.0,39,12253.96,8,0
13855.0,4,1310.34,500,1
13856.0,11,1142.03,168,0
13857.0,6,1001.01,392,1
13858.0,1,216.17,56,0
13859.0,2,515.86,325,0
13860.0,5,1245.9,0,0
13861.0,2,273.26,428,1
13862.0,9,2556.09,17,0
13863.0,4,1239.55,247,0
13864.0,1,662.4,386,1
13865.0,4,501.56,57,0
13866.0,1,145.67,73,0
13867.0,3,1015.29,30,0
13868.0,2,3192.54,6,0
13869.0,10,8111.57,122,0
13870.0,15,5712.08,1,0
13871.0,17,7885.85,22,0
13872.0,3,919.57,526,1
13873.0,8,1038.92,119,0
13874.0,7,2049.15,357,0
13875.0,14,4814.37,53,0
13876.0,1,122.7,63,0
13877.0,3,449.68,85,0
13878.0,4,2473.06,54,0
13879.0,1,395.5,645,1
13880.0,17,4391.66,20,0
13881.0,43,45179.1,3,0
13882.0,5,1191.13,2,0
13883.0,15,6560.02,10,0
13884.0,10,1888.48,6,0
13885.0,2,506.8,188,0
13886.0,1,243.56,70,0
13887.0,1,349.55,203,0
13888.0,7,2169.05,119,0
13889.0,6,1991.23,92,0
13890.0,14,2927.38,0,0
13891.0,3,863.56,377,1
13892.0,6,1267.65,26,0
13893.0,1,821.1,297,0
13894.0,3,564.62,23,0
13895.0,6,4008.52,27,0
13896.0,1,388.55,625,1
13897.0,3,1160.72,49,0
13898.0,2,686.4,325,0
13899.0,2,388.52,15,0
13900.0,6,1610.59,182,0
13901.0,15,5676.34,71,0
13902.0,5,34095.26,631,1
13903.0,1,165.45,399,1
13904.0,2,332.64,36,0
13905.0,1,312.65,732,1
13906.0,1,42.0,408,1
13907.0,1,136.8,691,1
13908.0,4,2369.55,79,0
13909.0,2,286.6,422,1
13911.0,20,4234.99,56,0
13912.0,1,124.95,423,1
13913.0,1,42.22,506,1
13914.0,2,626.45,11,0
13915.0,1,70.8,393,1
13916.0,4,1275.81,463,1
13917.0,2,272.04,49,0
13918.0,2,1212.84,49,0
13919.0,4,1360.68,58,0
13920.0,4,1774.68,431,1
13921.0,4,730.7,401,1
13922.0,3,865.2,351,0
13923.0,1,351.13,53,0
13924.0,6,1838.85,1,0
13925.0,4,678.25,92,0
13926.0,1,223.85,22,0
13927.0,2,708.26,74,0
13928.0,4,464.57,10,0
13929.0,11,3494.1,168,0
13930.0,2,337.34,57,0
13931.0,11,5257.38,95,0
13932.0,1,307.4,294,0
13933.0,2,608.79,108,0
13934.0,1,922.1,263,0
13935.0,3,6116.92,596,1
13936.0,3,939.66,179,0
13937.0,2,880.13,168,0
13938.0,1,71.66,34,0
13939.0,7,1560.96,22,0
13940.0,4,839.14,16,0
13941.0,15,11122.3,21,0
13942.0,1,320.0,534,1
13943.0,1,246.54,577,1
13944.0,1,200.43,652,1
13945.0,2,854.15,394,1
13946.0,6,1876.23,78,0
13947.0,1,90.6,64,0
13948.0,4,548.76,360,0
13949.0,6,2427.32,2,0
13950.0,4,745.06,10,0
13951.0,3,674.45,175,0
13952.0,14,12823.52,217,0
13953.0,12,6640.68,6,0
13954.0,2,439.92,1,0
13955.0,3,545.17,153,0
13956.0,5,1026.42,4,0
13957.0,3,458.25,417,1
13958.0,8,4709.23,379,1
13959.0,6,1076.18,78,0
13960.0,2,230.22,20,0
13961.0,1,538.4,391,1
13962.0,3,362.8,21,0
13963.0,17,3011.87,307,0
13964.0,2,438.9,386,1
13965.0,3,996.61,476,1
13966.0,1,390.86,434,1
13967.0,2,166.3,145,0
13968.0,1,123.66,422,1
13969.0,35,13365.87,6,0
13970.0,2,846.55,385,1
13971.0,14,4667.57,18,0
13972.0,2,190.25,70,0
13973.0,1,264.7,286,0
13974.0,2,677.72,48,0
13975.0,12,5358.84,30,0
13976.0,4,1192.36,206,0
13977.0,1,519.81,410,1
13978.0,2,196.79,14,0
13979.0,7,3416.23,72,0
13980.0,5,799.92,59,0
13981.0,1,331.14,415,1
13982.0,9,4445.59,38,0
13983.0,21,7108.45,29,0
13984.0,12,2048.6,26,0
13985.0,22,10020.86,3,0
13986.0,1,320.46,16,0
13987.0,2,682.54,379,1
13988.0,8,4757.8,19,0
13989.0,5,2026.06,65,0
13990.0,1,311.3,212,0
13991.0,6,855.97,11,0
13992.0,3,219.5,29,0
13993.0,19,6775.71,42,0
13994.0,6,2313.14,3,0
13995.0,14,3902.01,14,0
13996.0,2,895.76,385,1
13997.0,3,382.31,518,1
13998.0,3,566.7,446,1
13999.0,29,9502.26,9,0
14000.0,5,2046.34,210,0
14001.0,9,4530.09,45,0
14002.0,2,529.73,133,0
14003.0,1,209.41,732,1
14004.0,11,6258.45,42,0
14005.0,5,2874.72,9,0
14006.0,7,2196.67,115,0
14007.0,1,79.48,512,1
14008.0,1,509.04,431,1
14009.0,3,1099.91,197,0
14010.0,2,445.15,564,1
14011.0,2,457.82,479,1
14012.0,1,328.8,277,0
14013.0,5,1084.57,109,0
14014.0,3,1948.21,76,0
14015.0,1,917.34,52,0
14016.0,11,11403.41,161,0
14017.0,1,229.75,570,1
14018.0,1,367.15,644,1
14019.0,3,1421.61,46,0
14020.0,4,1249.01,16,0
14021.0,7,1716.58,154,0
14022.0,2,792.15,224,0
14023.0,2,584.07,6,0
14024.0,3,645.74,121,0
14025.0,8,4057.9,464,1
14026.0,2,713.11,470,1
14027.0,1,104.82,60,0
14028.0,3,10396.5,549,1
14029.0,2,467.66,62,0
14030.0,20,8262.29,17,0
14031.0,44,40999.17,6,0
14032.0,16,4850.27,1,0
14033.0,1,109.44,554,1
14034.0,3,651.82,21,0
14035.0,9,2856.72,28,0
14036.0,1,626.65,284,0
14037.0,6,836.95,175,0
14038.0,5,3069.88,77,0
14039.0,2,267.28,32,0
14040.0,35,12645.57,40,0
14041.0,1,141.41,265,0
14042.0,1,431.98,724,1
14043.0,2,304.25,490,1
14044.0,10,3123.1,26,0
14045.0,16,11313.03,108,0
14046.0,1,154.99,283,0
14047.0,14,4255.03,8,0
14048.0,3,748.69,304,0
14049.0,13,13239.03,16,0
14050.0,2,746.36,31,0
14051.0,37,22434.0,0,0
14052.0,2,480.81,19,0
14053.0,4,572.3,123,0
14054.0,1,92.46,64,0
14055.0,3,1520.96,105,0
14056.0,23,8214.65,0,0
14057.0,22,8408.84,23,0
14058.0,2,469.19,462,1
14059.0,1,183.6,266,0
14060.0,30,9519.08,4,0
14061.0,3,917.43,506,1
14062.0,24,25604.2,9,0
14063.0,9,22710.2,437,1
14064.0,15,3332.42,28,0
14065.0,3,891.02,388,1
14066.0,1,152.55,266,0
14067.0,2,374.7,63,0
14068.0,4,1528.37,319,0
14069.0,2,230.06,514,1
14070.0,1,326.55,684,1
14071.0,8,1438.82,3,0
14072.0,1,390.85,666,1
14073.0,1,151.04,31,0
14074.0,1,219.4,622,1
14075.0,6,1734.87,4,0
14076.0,1,122.47,128,0
14077.0,6,615.08,40,0
14078.0,9,1692.63,101,0
14079.0,2,618.73,124,0
14080.0,5,1115.68,32,0
14081.0,10,5370.1,301,0
14082.0,2,413.36,364,0
14083.0,11,1407.26,3,0
14084.0,1,150.5,511,1
14085.0,33,10104.97,1,0
14086.0,1,39.95,462,1
14087.0,3,846.22,2,0
14088.0,16,64036.8,9,0
14089.0,1,161.0,56,0
14090.0,1,76.32,324,0
14091.0,2,9530.08,653,1
14092.0,24,7229.45,7,0
14093.0,1,442.85,11,0
14094.0,1,335.22,439,1
14095.0,1,2.95,722,1
14096.0,17,65164.79,3,0
14097.0,2,422.86,480,1
14098.0,1,147.35,36,0
14099.0,20,5765.71,15,0
14100.0,1,194.9,137,0
14101.0,13,9961.93,73,0
14102.0,5,1360.28,4,0
14104.0,5,771.58,154,0
14105.0,5,5988.83,238,0
14106.0,1,214.8,736,1
14107.0,11,4877.3,51,0
14108.0,4,1044.96,30,0
14109.0,1,144.2,72,0
14110.0,33,12987.95,3,0
14111.0,4,692.85,13,0
14112.0,13,5834.59,22,0
14113.0,16,7092.61,3,0
14114.0,7,1364.09,273,0
14115.0,2,622.67,501,1
14116.0,5,1382.74,19,0
14117.0,1,90.0,143,0
14118.0,1,458.45,428,1
14119.0,2,183.37,375,1
14121.0,4,2780.15,3,0
14122.0,3,362.42,405,1
14123.0,1,436.18,732,1
14124.0,1,419.58,83,0
14125.0,3,2740.43,10,0
14126.0,4,1172.46,7,0
14127.0,6,1900.08,122,0
14128.0,3,924.21,60,0
14129.0,9,2591.34,1,0
14130.0,4,1882.67,318,0
14131.0,1,187.87,648,1
14132.0,11,3586.03,1,0
14133.0,4,911.14,129,0
14134.0,15,11123.35,382,1
14135.0,24,9643.92,1,0
14136.0,5,1570.81,400,1
14137.0,1,332.7,695,1
14138.0,2,982.38,1,0
14139.0,4,1086.8,45,0
14140.0,2,935.05,3,0
14141.0,4,915.13,2,0
14142.0,2,983.15,372,1
14143.0,1,115.8,133,0
14144.0,1,30.6,485,1
14145.0,7,7600.05,46,0
14146.0,12,9450.3,8,0
14147.0,9,2590.2,77,0
14148.0,2,466.29,233,0
14149.0,1,446.62,220,0
14150.0,2,658.64,35,0
14151.0,2,679.45,672,1
14152.0,7,1997.34,74,0
14153.0,1,233.4,482,1
14154.0,8,6460.7,238,0
14155.0,1,118.75,265,0
14156.0,156,313946.37,9,0
14157.0,5,1002.78,19,0
14158.0,1,507.66,39,0
14159.0,20,7938.01,19,0
14160.0,7,8421.47,609,1
14161.0,7,3318.88,215,0
14162.0,2,289.36,173,0
14163.0,5,2594.62,86,0
14164.0,2,1631.77,70,0
14165.0,1,122.54,275,0
14166.0,2,256.85,504,1
14167.0,8,1296.49,38,0
14168.0,2,370.45,420,1
14169.0,2,624.43,430,1
14170.0,3,597.33,374,1
14171.0,2,498.79,97,0
14172.0,3,402.72,604,1
14173.0,6,586.0,10,0
14174.0,1,134.46,32,0
14175.0,8,7678.88,59,0
14176.0,5,916.01,296,0
14177.0,13,2229.34,85,0
14178.0,7,1620.93,8,0
14179.0,2,719.78,40,0
14180.0,33,6319.25,10,0
14181.0,2,310.55,410,1
14182.0,4,678.77,443,1
14183.0,2,286.29,410,1
14184.0,1,452.89,66,0
14185.0,1,197.65,330,0
14186.0,5,1550.63,426,1
14187.0,1,123.5,473,1
14188.0,6,2054.36,30,0
14189.0,16,5814.39,1,0
14190.0,1,79.9,665,1
14191.0,15,4817.66,1,0
14192.0,1,293.74,387,1
14193.0,3,1210.19,67,0
14194.0,36,18670.59,4,0
14195.0,6,2615.6,201,0
14196.0,1,335.52,106,0
14197.0,1,390.05,410,1
14198.0,9,1569.73,17,0
14199.0,4,1091.7,217,0
14200.0,1,379.2,616,1
14201.0,10,1193.54,59,0
14202.0,3,847.76,380,1
14203.0,1,339.34,396,1
14204.0,4,1062.96,1,0
14205.0,9,2414.2,16,0
14206.0,3,1185.01,238,0
14207.0,1,157.8,687,1
14208.0,2,567.05,94,0
14209.0,15,4993.27,10,0
14210.0,16,5861.52,105,0
14211.0,18,4402.29,52,0
14212.0,2,2190.14,89,0
14213.0,1,1192.2,404,1
14214.0,5,1004.38,30,0
14215.0,9,3416.33,11,0
14216.0,5,2150.04,2,0
14217.0,23,3416.89,1,0
14218.0,1,169.48,42,0
14219.0,3,633.83,3,0
14220.0,4,1515.0,246,0
14221.0,17,6517.49,41,0
14222.0,1,683.17,176,0
14223.0,3,991.13,91,0
14224.0,9,1897.9,109,0
14225.0,4,2037.02,434,1
14226.0,6,3002.53,28,0
14227.0,15,6368.71,25,0
14228.0,3,745.5,437,1
14229.0,7,2594.04,51,0
14230.0,3,979.8,435,1
14231.0,4,1235.62,183,0
14232.0,5,2048.07,42,0
14233.0,7,2904.27,48,0
14234.0,4,775.46,21,0
14235.0,9,4717.99,74,0
14236.0,5,1744.64,80,0
14237.0,2,632.14,372,1
14238.0,3,434.23,325,0
14239.0,21,4263.17,42,0
14240.0,3,1247.49,29,0
14241.0,2,333.7,183,0
14242.0,2,280.55,234,0
14243.0,17,7431.05,8,0
14244.0,1,366.42,660,1
14245.0,2,1693.45,219,0
14246.0,3,1474.06,110,0
14247.0,5,772.66,277,0
14248.0,3,1032.95,317,0
14249.0,12,5625.46,410,1
14250.0,3,1904.05,6,0
14251.0,5,2879.7,1,0
14252.0,1,350.99,380,1
14253.0,2,363.4,492,1
14254.0,1,601.03,432,1
14255.0,1,1000.63,545,1
14256.0,5,2473.99,259,0
14257.0,9,5954.45,63,0
14258.0,25,32051.34,8,0
14259.0,1,120.0,141,0
14260.0,3,824.28,470,1
14261.0,2,1163.45,50,0
14262.0,8,2618.23,7,0
14263.0,1,322.93,422,1
14264.0,6,1517.36,154,0
14265.0,4,1373.35,108,0
14266.0,1,40.56,427,1
14267.0,3,1516.24,162,0
14268.0,1,354.85,470,1
14269.0,1,295.73,438,1
14270.0,1,492.65,331,0
14271.0,2,219.13,225,0
14272.0,4,920.81,73,0
14273.0,4,559.97,50,0
14274.0,1,256.6,685,1
14275.0,6,1189.38,395,1
14276.0,7,2102.68,98,0
14277.0,9,17225.81,14,0
14278.0,1,205.83,409,1
14279.0,2,191.86,520,1
14280.0,1,134.04,196,0
14281.0,1,245.15,407,1
14282.0,25,7849.66,2,0
14283.0,4,628.44,462,1
14284.0,3,1299.65,30,0
14285.0,8,3284.42,20,0
14286.0,7,8479.76,23,0
14287.0,3,176.63,7,0
14288.0,1,426.6,212,0
14289.0,6,911.26,8,0
14290.0,8,4516.56,10,0
14291.0,23,7904.1,1,0
14292.0,16,9226.25,7,0
14293.0,9,3267.93,2,0
14294.0,1,375.34,406,1
14295.0,5,2362.91,39,0
14296.0,2,456.4,420,1
14297.0,4,1305.33,17,0
14298.0,82,91194.49,7,0
14299.0,27,14499.49,7,0
14300.0,1,43.2,18,0
14301.0,4,1992.18,116,0
14302.0,3,742.9,430,1
14303.0,2,277.94,406,1
14304.0,3,1725.01,222,0
14305.0,3,1858.96,70,0
14306.0,6,3151.4,50,0
14307.0,10,5071.03,88,0
14308.0,2,1147.02,548,1
14309.0,11,3780.81,7,0
14310.0,1,492.1,432,1
14311.0,2,516.45,242,0
14312.0,11,3090.29,46,0
14314.0,2,229.8,106,0
14315.0,8,3197.82,44,0
14316.0,5,1370.34,421,1
14317.0,1,508.58,64,0
14318.0,1,158.02,459,1
14319.0,1,494.85,423,1
14320.0,5,1346.75,206,0
14321.0,7,2218.06,10,0
14322.0,4,474.1,428,1
14323.0,2,605.06,114,0
14324.0,2,701.61,409,1
14325.0,1,245.48,569,1
14326.0,3,940.98,241,0
14327.0,6,1894.93,162,0
14328.0,1,445.05,437,1
14329.0,15,9927.22,16,0
14330.0,1,200.63,623,1
14331.0,2,462.66,123,0
14332.0,5,1943.51,22,0
14333.0,1,415.2,67,0
14334.0,12,4318.48,16,0
14335.0,2,468.26,15,0
14336.0,4,1614.91,16,0
14338.0,3,928.1,160,0
14339.0,2,620.27,242,0
14340.0,1,134.7,218,0
14341.0,18,4467.32,44,0
14342.0,6,918.44,20,0
14343.0,4,1088.91,420,1
14344.0,20,3333.7,126,0
14345.0,1,108.98,38,0
14346.0,5,2315.75,120,0
14347.0,1,82.6,736,1
14348.0,1,409.57,259,0
14349.0,1,133.5,9,0
14350.0,3,972.03,273,0
14351.0,1,51.0,164,0
14352.0,4,1078.96,156,0
14353.0,3,376.5,214,0
14354.0,2,163.62,5,0
14355.0,3,1014.45,365,0
14356.0,2,701.23,79,0
14357.0,1,225.77,42,0
14358.0,2,400.06,388,1
14359.0,3,912.18,18,0
14360.0,4,2128.23,31,0
14361.0,1,214.71,578,1
14362.0,1,161.2,21,0
14363.0,2,227.47,401,1
14364.0,8,3717.35,108,0
14365.0,2,634.68,394,1
14366.0,1,136.0,524,1
14367.0,16,9261.52,7,0
14368.0,1,155.0,319,0
14369.0,2,469.13,641,1
14370.0,6,1175.78,450,1
14371.0,1,100.5,294,0
14372.0,2,860.08,442,1
14373.0,1,76.55,357,0
14374.0,1,108.0,540,1
14375.0,3,1132.99,184,0
14376.0,1,215.46,682,1
14377.0,2,617.05,190,0
14378.0,1,131.25,621,1
14379.0,4,1268.91,43,0
14380.0,1,48.96,681,1
14381.0,2,631.34,51,0
14382.0,2,1246.8,25,0
14383.0,3,1247.69,37,0
14384.0,1,58.5,500,1
14385.0,3,202.11,8,0
14386.0,1,142.4,296,0
14387.0,3,1770.56,32,0
14388.0,16,6701.0,9,0
14389.0,5,1898.01,64,0
14390.0,13,6399.83,9,0
14391.0,1,135.6,576,1
14392.0,1,266.4,431,1
14393.0,1,67.95,217,0
14394.0,1,93.8,564,1
14395.0,20,8208.01,1,0
14396.0,7,2121.93,64,0
14397.0,19,2612.96,2,0
14398.0,2,707.79,400,1
14399.0,8,2113.16,393,1
14400.0,3,1732.47,148,0
14401.0,22,6795.9,3,0
14402.0,1,285.6,651,1
14403.0,6,1880.51,129,0
14404.0,13,2899.11,33,0
14405.0,1,195.0,386,1
14406.0,1,156.75,118,0
14407.0,6,2157.73,106,0
14408.0,11,4109.77,10,0
14409.0,9,3756.09,70,0
14410.0,11,2651.14,91,0
14411.0,1,1063.0,310,0
14412.0,3,1426.19,42,0
14413.0,4,770.37,361,0
14414.0,8,2399.33,91,0
14415.0,23,12091.6,0,0
14416.0,2,490.22,21,0
14417.0,1,604.2,387,1
14418.0,3,1937.25,3,0
14419.0,7,1260.91,10,0
14420.0,4,1639.17,98,0
14421.0,6,2469.37,56,0
14422.0,19,10271.52,0,0
14423.0,3,916.61,217,0
14424.0,1,322.08,17,0
14425.0,3,661.39,434,1
14426.0,17,11727.94,23,0
14427.0,4,1263.52,49,0
14428.0,5,1244.83,6,0
14429.0,1,516.28,403,1
14430.0,3,1220.9,511,1
14431.0,4,2614.2,302,0
14432.0,6,2255.51,9,0
14433.0,1,289.6,465,1
14434.0,6,1372.8,21,0
14435.0,1,90.42,501,1
14436.0,2,271.7,98,0
14437.0,5,958.84,365,0
14438.0,1,131.9,305,0
14439.0,5,9443.04,319,0
14440.0,13,6638.73,7,0
14441.0,11,4611.69,0,0
14442.0,7,5367.02,204,0
14443.0,5,2386.47,53,0
14444.0,1,132.04,455,1
14445.0,1,221.65,455,1
14446.0,5,1241.31,0,0
14447.0,6,1711.73,18,0
14448.0,2,375.35,8,0
14449.0,8,2482.8,18,0
14450.0,7,1128.44,180,0
14451.0,12,3308.77,59,0
14452.0,4,665.59,10,0
14453.0,1,119.93,189,0
14454.0,5,977.3,375,1
14455.0,4,628.21,431,1
14456.0,9,3062.4,4,0
14457.0,1,113.64,310,0
14458.0,1,237.42,380,1
14459.0,2,5375.74,154,0
14460.0,9,1093.5,109,0
14461.0,13,6713.5,147,0
14462.0,12,2270.01,65,0
14463.0,4,786.57,97,0
14464.0,2,111.0,567,1
14465.0,11,3946.03,246,0
14466.0,13,4646.9,28,0
14467.0,12,2220.99,17,0
14468.0,1,204.24,733,1
14469.0,4,2112.21,415,1
14470.0,3,712.04,11,0
14471.0,2,400.95,590,1
14472.0,9,2228.22,103,0
14473.0,2,234.34,73,0
14474.0,2,1278.08,45,0
14475.0,4,1151.15,71,0
14476.0,1,215.7,256,0
14477.0,7,1969.6,19,0
14478.0,4,1276.66,381,1
14479.0,4,1299.11,253,0
14480.0,4,1299.52,10,0
14481.0,5,2311.49,164,0
14482.0,12,4357.91,17,0
14483.0,2,257.1,281,0
14484.0,4,1070.98,49,0
14485.0,1,165.75,38,0
14486.0,2,175.5,511,1
14487.0,7,1453.61,26,0
14488.0,1,1064.28,67,0
14489.0,4,1574.93,206,0
14490.0,2,1273.47,405,1
14491.0,2,468.13,174,0
14492.0,7,1921.91,429,1
14493.0,10,5130.15,6,0
14494.0,3,401.46,25,0
14495.0,3,174.8,50,0
14496.0,7,2668.23,311,0
14497.0,2,697.06,308,0
14498.0,10,3911.27,42,0
14499.0,7,2138.97,25,0
14500.0,3,356.85,87,0
14501.0,2,251.21,183,0
14502.0,11,2470.67,19,0
14503.0,6,3543.26,2,0
14504.0,4,673.26,46,0
14505.0,19,12001.84,16,0
14506.0,7,3290.67,16,0
14507.0,11,3284.43,23,0
14508.0,5,874.94,21,0
14509.0,1,110.95,533,1
14510.0,3,1007.28,375,1
14511.0,5,1314.81,10,0
14512.0,7,1223.47,187,0
14513.0,6,788.01,100,0
14514.0,9,4598.98,60,0
14515.0,12,3749.26,17,0
14516.0,1,163.92,515,1
14517.0,2,330.45,32,0
14518.0,1,174.37,63,0
14519.0,2,206.09,683,1
14520.0,2,270.6,1,0
14521.0,1,199.45,490,1
14522.0,8,1758.62,23,0
14523.0,1,241.09,107,0
14524.0,13,2933.71,31,0
14525.0,17,8240.64,19,0
14526.0,1,262.4,388,1
14527.0,122,27792.3,2,0
14528.0,1,364.22,36,0
14529.0,3,620.04,59,0
14530.0,16,6197.4,25,0
14531.0,1,376.34,479,1
14532.0,11,3859.18,235,0
14533.0,11,3466.37,24,0
14534.0,26,6271.11,2,0
14535.0,9,6030.73,59,0
14536.0,1,171.8,259,0
14537.0,2,641.4,57,0
14538.0,5,1370.84,64,0
14539.0,2,537.48,15,0
14540.0,11,3795.34,9,0
14541.0,14,2499.68,58,0
14542.0,1,103.25,185,0
14543.0,39,14906.77,28,0
14544.0,3,2982.43,23,0
14545.0,1,349.25,673,1
14546.0,11,5197.9,4,0
14547.0,8,4007.54,3,0
14548.0,9,2627.49,150,0
14549.0,4,916.55,310,0
14550.0,4,1353.31,10,0
14551.0,7,880.04,17,0
14552.0,3,511.28,151,0
14553.0,9,1841.54,18,0
14554.0,4,2381.04,9,0
14555.0,6,2315.63,56,0
14556.0,3,835.34,595,1
14557.0,1,788.38,84,0
14558.0,3,655.5,653,1
14559.0,1,75.6,389,1
14560.0,44,6114.03,6,0
14561.0,3,1080.76,75,0
14562.0,26,6729.4,3,0
14563.0,2,679.44,509,1
14564.0,2,2605.62,434,1
14565.0,5,3859.22,95,0
14566.0,4,4092.0,110,0
14567.0,2,1530.36,56,0
14568.0,1,919.7,434,1
14569.0,4,598.98,0,0
14570.0,3,613.75,280,0
14571.0,1,161.65,424,1
14572.0,11,5615.18,2,0
14573.0,13,2621.42,179,0
14574.0,1,143.7,732,1
14575.0,1,460.71,487,1
14576.0,1,70.8,371,1
14577.0,7,1374.25,12,0
14578.0,1,168.63,2,0
14579.0,1,105.56,431,1
14580.0,1,14.85,517,1
14581.0,2,433.8,16,0
14582.0,1,114.11,40,0
14583.0,8,1781.03,5,0
14584.0,8,1747.91,168,0
14585.0,5,1143.27,49,0
14586.0,1,237.36,276,0
14587.0,9,1601.14,18,0
14588.0,1,135.39,577,1
14589.0,1,79.5,371,1
14590.0,20,3006.62,424,1
14591.0,4,1447.14,14,0
14592.0,3,570.46,34,0
14593.0,12,3712.01,21,0
14594.0,2,634.83,6,0
14595.0,8,2164.45,19,0
14596.0,1,229.47,626,1
14597.0,6,2201.54,10,0
14598.0,2,384.04,43,0
14599.0,2,474.54,389,1
14600.0,2,865.17,305,0
14601.0,1,213.96,10,0
14602.0,1,205.36,655,1
14603.0,1,660.0,274,0
14604.0,1,143.86,632,1
14605.0,4,937.16,373,1
14606.0,192,30861.06,0,0
14607.0,22,24137.63,15,0
14608.0,11,3352.94,3,0
14609.0,10,1486.2,71,0
14610.0,2,24.35,395,1
14611.0,2,604.33,443,1
14612.0,1,877.7,414,1
14613.0,1,76.32,679,1
14614.0,1,295.13,385,1
14615.0,5,951.76,393,1
14616.0,5,527.78,242,0
14617.0,2,190.47,402,1
14618.0,7,1342.32,8,0
14619.0,2,1291.24,245,0
14620.0,2,412.78,205,0
14621.0,9,3000.57,0,0
14622.0,1,320.58,184,0
14623.0,10,2059.58,31,0
14624.0,6,814.07,56,0
14625.0,11,4497.88,195,0
14626.0,11,5410.92,23,0
14627.0,1,462.75,378,1
14628.0,5,1998.0,90,0
14629.0,2,959.01,3,0
14630.0,1,338.65,483,1
14631.0,6,2025.69,50,0
14632.0,1,114.56,262,0
14633.0,1,344.9,265,0
14634.0,4,2124.46,437,1
14635.0,1,215.22,453,1
14636.0,2,609.85,35,0
14637.0,1,106.68,676,1
14638.0,1,443.6,50,0
14639.0,9,4978.96,51,0
14640.0,10,3667.06,23,0
14641.0,1,110.46,21,0
14642.0,1,96.12,58,0
14643.0,5,1679.89,169,0
14644.0,7,2247.72,67,0
14645.0,3,876.89,156,0
14646.0,151,528602.52,1,0
14647.0,2,519.97,200,0
14648.0,15,4546.86,415,1
14649.0,9,3775.31,4,0
14650.0,1,62.5,588,1
14651.0,9,2034.12,66,0
14652.0,1,114.18,76,0
14653.0,12,3614.54,0,0
14654.0,1,246.86,737,1
14655.0,7,3878.51,7,0
14656.0,5,814.65,168,0
14657.0,6,1460.87,17,0
14658.0,2,247.15,4,0
14659.0,9,2529.93,8,0
14660.0,2,285.74,86,0
14661.0,1,107.95,26,0
14662.0,7,1416.33,28,0
14663.0,2,490.6,429,1
14664.0,2,637.89,19,0
14665.0,7,2749.65,60,0
14666.0,1,195.25,23,0
14667.0,54,21927.14,10,0
14668.0,1,111.63,444,1
14669.0,7,3243.93,241,0
14670.0,3,602.0,279,0
14671.0,2,1127.45,548,1
14672.0,4,1113.14,234,0
14673.0,7,3410.81,2,0
14674.0,1,173.66,508,1
14675.0,2,1066.9,15,0
14676.0,12,8356.79,30,0
14677.0,1,184.91,592,1
14678.0,1,403.39,578,1
14679.0,3,1289.44,381,1
14680.0,58,57412.77,24,0
14681.0,6,875.15,70,0
14682.0,6,1514.81,187,0
14683.0,1,146.56,587,1
14684.0,6,1468.55,25,0
14685.0,8,4619.79,575,1
14686.0,5,885.83,413,1
14687.0,3,1402.06,106,0
14688.0,28,7713.57,7,0
14689.0,1,112.8,208,0
14690.0,4,794.33,43,0
14691.0,5,2114.33,30,0
14692.0,12,1745.09,136,0
14693.0,7,1165.36,264,0
14694.0,1,244.31,616,1
14695.0,3,1620.07,518,1
14696.0,8,2767.9,3,0
14697.0,2,188.61,217,0
14698.0,5,1250.76,1,0
14699.0,4,702.6,213,0
14700.0,5,3116.26,31,0
14701.0,15,4562.09,10,0
14702.0,29,6754.22,0,0
14703.0,1,318.17,14,0
14704.0,11,1813.57,10,0
14705.0,1,179.0,198,0
14706.0,1,390.69,618,1
14707.0,2,139.2,435,1
14708.0,5,2212.28,2,0
14709.0,25,8886.33,14,0
14710.0,13,1922.59,13,0
14711.0,11,2868.8,9,0
14712.0,4,1328.07,28,0
14713.0,21,5418.87,8,0
14714.0,4,906.24,23,0
14715.0,8,1840.45,24,0
14716.0,3,565.45,42,0
14717.0,1,81.3,732,1
14718.0,1,226.42,409,1
14719.0,5,1602.13,1,0
14720.0,3,663.81,5,0
14721.0,1,115.77,378,1
14722.0,3,513.37,146,0
14723.0,11,2093.06,9,0
14724.0,1,345.25,589,1
14725.0,4,1315.24,24,0
14726.0,1,124.75,654,1
14727.0,3,467.93,273,0
14728.0,1,190.58,412,1
14729.0,3,907.38,373,1
14730.0,8,2005.06,0,0
14731.0,3,380.02,46,0
14732.0,19,5517.07,7,0
14733.0,15,16184.97,15,0
14734.0,4,1056.42,425,1
14735.0,56,12240.16,3,0
14736.0,2,401.08,484,1
14737.0,4,3554.17,3,0
14738.0,9,1821.9,42,0
14739.0,25,12287.5,3,0
14740.0,11,4161.06,196,0
14741.0,7,1897.59,11,0
14742.0,1,579.85,434,1
14743.0,1,50.48,592,1
14744.0,14,3885.08,15,0
14745.0,12,2571.81,112,0
14746.0,4,593.5,405,1
14747.0,1,328.2,248,0
14748.0,10,3152.32,28,0
14749.0,1,310.15,479,1
14750.0,1,112.03,735,1
14751.0,2,126.45,683,1
14752.0,1,389.64,43,0
14753.0,2,869.51,86,0
14754.0,6,1550.48,44,0
14755.0,25,9972.55,9,0
14756.0,3,2653.76,14,0
14757.0,1,420.5,74,0
14758.0,7,2864.97,144,0
14759.0,3,1625.97,4,0
14760.0,1,89.2,296,0
14761.0,3,447.92,58,0
14762.0,2,417.57,263,0
14764.0,1,278.3,46,0
14765.0,3,254.11,28,0
14766.0,11,6556.13,7,0
14767.0,1,382.81,473,1
14768.0,2,192.6,16,0
14769.0,17,15771.88,2,0
14770.0,8,3637.64,231,0
14771.0,2,594.62,620,1
14772.0,1,139.26,111,0
14773.0,1,140.55,592,1
14774.0,1,241.45,528,1
14775.0,3,1418.46,57,0
14776.0,15,3708.3,50,0
14777.0,1,307.56,403,1
14778.0,2,730.86,126,0
14779.0,3,386.15,280,0
14780.0,2,447.68,54,0
14782.0,1,200.1,319,0
14783.0,1,307.3,658,1
14784.0,3,449.93,25,0
14785.0,2,77.4,9,0
14786.0,1,90.96,549,1
14787.0,1,110.65,470,1
14788.0,3,1156.32,6,0
14789.0,1,197.64,28,0
14790.0,10,2526.62,16,0
14791.0,1,303.63,606,1
14792.0,1,6.2,63,0
14793.0,2,625.9,20,0
14794.0,10,1953.9,2,0
14795.0,1,131.45,165,0
14796.0,27,10889.64,0,0
14797.0,1,300.31,506,1
14798.0,8,724.31,52,0
14799.0,2,338.15,50,0
14800.0,17,7774.32,47,0
14801.0,1,193.14,60,0
14802.0,2,1502.98,437,1
14803.0,3,845.55,161,0
14804.0,1,353.27,8,0
14805.0,7,1104.64,14,0
14806.0,2,303.43,74,0
14807.0,2,519.29,390,1
14808.0,8,2741.17,39,0
14809.0,2,686.76,620,1
14810.0,13,2537.02,40,0
14811.0,1,170.5,386,1
14812.0,1,185.8,598,1
14813.0,4,1090.87,369,1
14814.0,1,160.46,580,1
14815.0,2,778.5,36,0
14816.0,1,271.85,196,0
14817.0,7,3959.86,199,0
14818.0,6,1170.41,73,0
14819.0,4,470.16,63,0
14820.0,9,1274.76,20,0
14821.0,7,1286.45,366,1
14822.0,1,157.7,484,1
14823.0,3,321.43,179,0
14824.0,10,4022.91,9,0
14825.0,24,4925.08,3,0
14826.0,2,385.2,581,1
14828.0,13,9839.46,196,0
14829.0,7,1692.84,28,0
14830.0,1,197.13,52,0
14831.0,3,1676.57,679,1
14832.0,1,322.69,629,1
14833.0,1,94.8,498,1
14834.0,7,2206.16,17,0
14835.0,2,297.0,528,1
14836.0,3,102.45,9,0
14837.0,9,3460.32,89,0
14838.0,2,773.67,422,1
14839.0,3,915.28,417,1
14840.0,2,362.71,267,0
14841.0,14,7163.0,52,0
14842.0,4,2824.69,43,0
14843.0,1,211.8,436,1
14844.0,10,6702.43,63,0
14845.0,1,150.0,599,1
14846.0,1,437.4,426,1
14847.0,3,1348.95,148,0
14848.0,1,310.56,404,1
14849.0,43,15763.45,21,0
14850.0,7,1794.01,311,0
14851.0,3,829.41,22,0
14852.0,18,6147.18,57,0
14853.0,5,1376.87,23,0
14854.0,11,4322.86,77,0
14855.0,7,6520.3,118,0
14856.0,3,1311.38,35,0
14857.0,7,3651.85,59,0
14858.0,1,180.75,505,1
14859.0,5,1705.64,12,0
14860.0,1,170.32,18,0
14861.0,10,1380.73,51,0
14862.0,2,841.2,25,0
14863.0,1,266.76,28,0
14865.0,4,129.72,6,0
14866.0,19,20850.22,10,0
14867.0,16,2952.06,185,0
14868.0,12,4184.01,2,0
14869.0,6,2804.24,8,0
14870.0,6,1838.95,261,0
14871.0,9,1258.97,2,0
14872.0,3,816.6,483,1
14873.0,2,854.13,209,0
14874.0,1,116.18,534,1
14875.0,3,2862.4,107,0
14876.0,2,256.7,520,1
14877.0,2,437.0,417,1
14878.0,25,4105.24,12,0
14879.0,1,185.06,684,1
14880.0,3,706.19,76,0
14881.0,1,255.4,19,0
14882.0,14,3628.15,26,0
14883.0,6,761.59,18,0
14884.0,1,120.6,668,1
14885.0,3,1598.12,131,0
14886.0,1,364.8,252,0
14887.0,1,1862.0,78,0
14888.0,1,369.2,206,0
14889.0,1,135.9,335,0
14890.0,3,817.25,253,0
14891.0,4,1106.73,147,0
14892.0,1,202.35,690,1
14893.0,3,1809.61,9,0
14894.0,3,1492.81,84,0
14895.0,38,25119.54,7,0
14896.0,8,2092.42,204,0
14897.0,8,3140.54,7,0
14898.0,14,3507.81,22,0
14899.0,1,1384.88,394,1
14900.0,1,13.92,521,1
14901.0,12,2289.65,10,0
14902.0,3,1035.62,25,0
14903.0,5,2810.63,20,0
14904.0,4,1640.64,1,0
14905.0,8,1971.39,157,0
14906.0,1,68.44,444,1
14907.0,16,6165.79,2,0
14908.0,2,381.9,73,0
14909.0,3,1404.68,436,1
14910.0,4,434.35,2,0
14911.0,398,295972.63,0,0
14912.0,6,1889.25,16,0
14913.0,8,4073.13,35,0
14915.0,11,1811.25,90,0
14916.0,8,3042.95,70,0
14917.0,2,1123.75,596,1
14918.0,9,5955.81,115,0
14919.0,1,359.35,538,1
14920.0,3,1607.17,212,0
14921.0,2,1316.07,29,0
14922.0,2,843.74,393,1
14923.0,1,749.1,50,0
14924.0,3,931.01,245,0
14926.0,2,359.4,381,1
14927.0,1,308.2,396,1
14928.0,1,223.91,627,1
14929.0,2,836.69,31,0
14930.0,6,5246.63,108,0
14931.0,5,1257.68,4,0
14932.0,2,1029.66,365,0
14933.0,4,1770.0,443,1
14934.0,5,3503.5,81,0
14935.0,2,2849.83,296,0
14936.0,12,12410.81,33,0
14937.0,3,1621.88,56,0
14938.0,2,2322.43,561,1
14940.0,2,531.49,417,1
14941.0,1,182.1,578,1
14942.0,4,746.56,401,1
14943.0,1,107.62,662,1
14944.0,19,9784.67,29,0
14945.0,1,179.4,413,1
14946.0,1,100.9,13,0
14947.0,6,1049.79,71,0
14948.0,6,1101.97,22,0
14949.0,4,515.0,468,1
14950.0,1,371.2,18,0
14951.0,1,311.69,78,0
14952.0,32,17629.35,59,0
14953.0,4,1013.77,24,0
14954.0,2,503.44,11,0
14955.0,1,163.77,732,1
14956.0,1,1325.0,420,1
14957.0,2,333.29,252,0
14958.0,6,957.94,146,0
14959.0,4,695.42,63,0
14960.0,2,221.27,7,0
14961.0,22,16410.15,10,0
14962.0,4,366.91,270,0
14963.0,12,3164.48,9,0
14964.0,1,206.21,246,0
14965.0,2,599.0,95,0
14966.0,6,1115.84,14,0
14967.0,6,1982.61,49,0
14968.0,2,504.99,29,0
14969.0,1,906.23,703,1
14970.0,12,4919.35,67,0
14971.0,3,1116.57,34,0
14972.0,2,145.07,127,0
14973.0,3,1314.45,106,0
14974.0,1,114.39,36,0
14975.0,2,472.39,56,0
14976.0,7,790.86,56,0
14977.0,1,31.93,725,1
14978.0,10,3142.14,71,0
14979.0,1,439.46,734,1
14980.0,1,150.68,736,1
14981.0,2,372.92,245,0
14982.0,1,237.78,571,1
14983.0,1,183.2,688,1
14984.0,6,1271.41,18,0
14985.0,2,296.75,197,0
14986.0,2,566.9,375,1
14987.0,8,1713.85,15,0
14988.0,7,2066.6,211,0
14989.0,1,342.4,661,1
14990.0,2,305.42,611,1
14991.0,1,314.67,429,1
14992.0,1,210.5,441,1
14993.0,1,36.13,563,1
14994.0,5,960.63,381,1
14995.0,2,233.23,38,0
14996.0,2,442.29,480,1
14997.0,4,776.6,45,0
14998.0,4,770.73,169,0
14999.0,1,129.48,592,1
15000.0,1,490.52,47,0
15001.0,2,230.86,393,1
15002.0,9,4817.28,115,0
15003.0,6,1060.7,472,1
15004.0,1,1246.32,146,0
15005.0,56,14106.2,15,0
15006.0,2,825.14,50,0
15007.0,1,156.91,158,0
15008.0,2,360.0,479,1
15009.0,3,1261.78,11,0
15010.0,1,308.94,35,0
15011.0,2,416.6,395,1
15012.0,3,860.62,53,0
15013.0,10,1641.3,487,1
15014.0,2,260.17,42,0
15015.0,13,2365.02,500,1
15016.0,5,630.3,172,0
15017.0,1,125.58,33,0
15018.0,3,607.46,38,0
15019.0,1,266.0,266,0
15020.0,1,203.42,378,1
15021.0,12,2783.83,8,0
15022.0,5,1186.09,11,0
15023.0,20,12170.68,2,0
15024.0,16,4075.51,9,0
15025.0,2,1013.09,32,0
15026.0,5,1061.61,79,0
15027.0,10,3195.6,30,0
15028.0,6,1157.71,7,0
15029.0,1,365.1,619,1
15030.0,8,1979.91,71,0
15031.0,14,3156.58,3,0
15032.0,8,13780.65,255,0
15033.0,10,2586.67,4,0
15034.0,14,8313.4,15,0
15035.0,1,252.73,89,0
15036.0,3,465.55,71,0
15037.0,2,402.51,375,1
15038.0,9,1309.86,58,0
15039.0,93,40031.43,9,0
15040.0,1,7.49,541,1
15041.0,2,294.02,169,0
15042.0,2,315.45,198,0
15043.0,6,2873.8,30,0
15044.0,35,16204.33,18,0
15045.0,2,735.66,151,0
15046.0,25,7812.39,8,0
15047.0,1,343.62,269,0
15048.0,4,482.75,64,0
15049.0,1,121.17,273,0
15050.0,5,4193.79,24,0
15051.0,9,3935.16,22,0
15052.0,1,215.78,318,0
15053.0,3,697.79,4,0
15054.0,2,302.1,11,0
15055.0,3,560.07,474,1
15056.0,1,133.45,519,1
15057.0,5,3255.96,274,0
15058.0,16,3410.03,24,0
15059.0,19,3523.57,40,0
15060.0,4,303.09,7,0
15061.0,127,137818.52,3,0
15062.0,8,2585.62,70,0
15063.0,1,370.8,212,0
15064.0,4,1254.41,409,1
15065.0,5,3326.86,37,0
15066.0,1,893.59,52,0
15067.0,5,3877.88,77,0
15068.0,4,1176.85,45,0
15069.0,1,1109.53,178,0
15070.0,3,843.25,372,1
15071.0,4,1455.56,93,0
15072.0,1,187.52,478,1
15073.0,8,2788.02,9,0
15074.0,3,1566.33,104,0
15075.0,1,773.03,77,0
15076.0,3,1447.74,172,0
15077.0,2,2428.08,494,1
15078.0,53,17761.88,6,0
15079.0,11,3767.35,212,0
15080.0,2,546.25,427,1
15081.0,12,1965.72,21,0
15082.0,1,93.35,668,1
15083.0,1,88.2,256,0
15084.0,2,965.2,379,1
15085.0,1,347.54,729,1
15086.0,2,218.53,564,1
15087.0,1,306.94,281,0
15088.0,2,1160.07,20,0
15089.0,6,2420.84,9,0
15090.0,1,381.32,307,0
15091.0,3,1046.61,67,0
15092.0,3,776.46,214,0
15093.0,23,14326.11,17,0
15094.0,2,83.0,462,1
15095.0,10,3141.64,103,0
15096.0,1,219.39,42,0
15097.0,3,908.35,3,0
15098.0,3,39916.5,181,0
15099.0,1,410.48,83,0
15100.0,7,2894.7,333,0
15101.0,6,1477.94,8,0
15102.0,2,554.67,530,1
15103.0,2,703.36,30,0
15104.0,2,1027.44,196,0
15105.0,9,3094.91,17,0
15106.0,5,1422.52,17,0
15107.0,9,940.35,310,0
15108.0,4,1300.25,141,0
15109.0,3,983.1,245,0
15110.0,6,1505.85,23,0
15111.0,5,2730.87,28,0
15112.0,1,209.4,610,1
15113.0,3,3609.33,9,0
15114.0,12,3400.12,29,0
15115.0,2,531.85,17,0
15116.0,4,1352.75,17,0
15117.0,8,2485.97,14,0
15118.0,1,244.8,133,0
15119.0,1,266.4,245,0
15120.0,1,358.82,133,0
15121.0,2,457.72,49,0
15122.0,11,4497.47,113,0
15123.0,5,4656.17,6,0
15124.0,4,450.82,22,0
15125.0,24,17024.87,24,0
15126.0,2,449.49,536,1
15127.0,2,711.5,65,0
15128.0,5,1783.68,59,0
15129.0,23,6860.18,49,0
15130.0,1,330.11,169,0
15131.0,1,80.28,394,1
15132.0,5,977.93,17,0
15133.0,5,1806.9,127,0
15134.0,10,1596.29,14,0
15135.0,2,305.68,238,0
15136.0,4,1286.7,2,0
15137.0,2,823.4,520,1
15138.0,1,502.52,393,1
15139.0,2,178.96,239,0
15140.0,8,3243.69,51,0
15141.0,7,1388.47,457,1
15142.0,6,2619.92,45,0
15143.0,2,563.63,225,0
15144.0,29,12160.31,7,0
15145.0,4,1194.73,3,0
15146.0,2,1327.16,164,0
15147.0,1,623.5,239,0
15148.0,1,301.29,10,0
15149.0,5,1554.61,133,0
15150.0,13,9001.08,16,0
15151.0,2,2085.61,422,1
15152.0,14,5263.83,9,0
15153.0,1,329.25,30,0
15154.0,3,1388.41,74,0
15155.0,1,383.97,382,1
15156.0,3,961.49,0,0
15157.0,5,2654.11,3,0
15158.0,2,606.02,44,0
15159.0,34,22116.73,1,0
15160.0,4,589.27,356,0
15161.0,1,119.92,387,1
15162.0,1,312.9,730,1
15163.0,2,304.47,17,0
15164.0,9,2068.92,68,0
15165.0,1,975.5,372,1
15166.0,1,167.16,467,1
15167.0,5,1659.67,320,0
15168.0,1,106.56,25,0
15169.0,2,569.22,381,1
15170.0,1,81.15,406,1
15171.0,1,1289.5,330,0
15172.0,5,1624.05,8,0
15173.0,7,1494.6,380,1
15174.0,2,481.46,322,0
15175.0,1,224.14,71,0
15176.0,1,988.04,667,1
15177.0,1,948.93,425,1
15178.0,1,40.5,259,0
15179.0,13,7491.92,17,0
15180.0,3,904.43,366,1
15181.0,5,1200.2,65,0
15182.0,11,2998.95,153,0
15183.0,3,639.93,547,1
15184.0,4,689.95,28,0
15185.0,1,310.62,69,0
15186.0,5,1403.2,13,0
15187.0,16,4777.18,1,0
15188.0,1,310.43,724,1
15189.0,46,17524.38,0,0
15190.0,1,834.44,433,1
15191.0,3,588.05,462,1
15192.0,5,1981.39,119,0
15193.0,1,499.32,60,0
15194.0,28,12427.69,2,0
15195.0,1,3861.0,2,0
15196.0,2,316.25,432,1
15197.0,6,1877.51,10,0
15198.0,5,571.35,91,0
15199.0,10,3122.4,58,0
15200.0,1,549.05,494,1
15201.0,7,1842.95,86,0
15202.0,3,6001.49,419,1
15203.0,15,4400.18,25,0
15204.0,1,316.58,356,0
15205.0,2,653.24,84,0
15206.0,4,420.3,9,0
15207.0,3,683.92,415,1
15208.0,6,970.52,0,0
15209.0,1,178.98,729,1
15210.0,3,1176.19,224,0
15211.0,2,1277.48,59,0
15212.0,2,208.28,240,0
15213.0,2,328.35,318,0
15214.0,8,1661.44,1,0
15215.0,7,2422.43,46,0
15216.0,2,486.09,87,0
15217.0,1,426.24,562,1
15218.0,22,11516.57,10,0
15219.0,2,685.45,175,0
15220.0,6,1778.96,51,0
15221.0,4,2465.45,365,0
15222.0,11,3550.91,318,0
15223.0,5,1417.95,225,0
15224.0,5,871.36,357,0
15225.0,1,409.4,233,0
15226.0,1,154.41,310,0
15227.0,9,2488.49,36,0
15228.0,6,5580.27,65,0
15229.0,1,160.5,585,1
15230.0,2,429.6,238,0
15231.0,1,250.26,620,1
15232.0,2,612.06,112,0
15233.0,1,59.4,400,1
15234.0,1,197.0,276,0
15235.0,16,2937.81,217,0
15236.0,1,321.05,298,0
15237.0,4,1412.32,1,0
15238.0,3,1071.99,28,0
15239.0,2,780.59,9,0
15240.0,12,4459.98,44,0
15241.0,11,3050.16,66,0
15242.0,1,302.04,421,1
15243.0,2,927.28,73,0
15244.0,3,912.08,64,0
15245.0,8,4610.84,133,0
15246.0,3,780.4,237,0
15247.0,3,976.06,121,0
15248.0,3,1893.93,410,1
15249.0,18,9266.0,31,0
15250.0,1,60.0,640,1
15251.0,21,20324.54,8,0
15252.0,5,2103.41,35,0
15253.0,8,2055.09,15,0
15254.0,3,1088.35,126,0
15255.0,9,3729.42,66,0
15256.0,2,170.4,148,0
15257.0,2,685.9,282,0
15258.0,2,623.16,168,0
15259.0,4,1182.38,512,1
15260.0,25,9188.23,99,0
15261.0,4,1508.0,134,0
15262.0,3,418.82,323,0
15263.0,1,156.51,106,0
15264.0,2,848.4,63,0
15265.0,4,3345.64,150,0
15266.0,5,852.21,337,0
15267.0,5,1717.36,21,0
15268.0,3,961.9,478,1
15269.0,3,1225.36,23,0
15270.0,21,8524.86,15,0
15271.0,24,4709.54,6,0
15272.0,6,2085.48,56,0
15273.0,1,228.96,599,1
15274.0,2,716.57,3,0
15275.0,1,615.14,37,0
15276.0,4,649.53,65,0
15277.0,2,476.34,46,0
15278.0,4,496.16,561,1
15279.0,5,1580.54,354,0
15280.0,3,406.22,171,0
15281.0,16,8543.57,58,0
15282.0,1,348.59,569,1
15283.0,3,148.33,389,1
15284.0,1,24.75,499,1
15285.0,1,94.92,407,1
15286.0,1,240.55,49,0
15287.0,5,856.03,21,0
15288.0,10,3883.13,42,0
15289.0,5,1593.09,28,0
15290.0,26,10496.28,4,0
15291.0,40,13846.56,25,0
15292.0,1,180.94,200,0
15293.0,1,247.5,665,1
15294.0,1,233.35,410,1
15295.0,1,217.24,653,1
15296.0,12,10342.83,50,0
15297.0,3,641.94,9,0
15298.0,23,9459.37,1,0
15299.0,10,7991.54,66,0
15300.0,1,496.44,63,0
15301.0,17,7603.44,50,0
15302.0,1,308.0,729,1
15303.0,3,1224.18,289,0
15304.0,9,919.55,60,0
15305.0,1,93.6,554,1
15306.0,9,3484.73,63,0
15307.0,1,205.3,95,0
15308.0,1,310.47,273,0
15309.0,4,797.96,610,1
15310.0,1,1634.64,478,1
15311.0,208,116771.16,0,0
15312.0,12,2930.19,74,0
15313.0,1,52.0,109,0
15314.0,3,820.45,198,0
15315.0,2,570.5,63,0
15316.0,1,165.0,326,0
15317.0,1,129.75,676,1
15318.0,1,312.62,3,0
15319.0,1,204.5,283,0
15320.0,1,267.13,43,0
15321.0,12,6709.73,70,0
15322.0,2,1390.86,85,0
15323.0,3,434.6,562,1
15324.0,1,140.22,700,1
15325.0,8,1602.01,103,0
15326.0,5,1700.52,333,0
15327.0,1,208.75,52,0
15328.0,1,107.24,407,1
15329.0,11,2984.33,38,0
15330.0,2,714.96,31,0
15331.0,3,767.91,499,1
15332.0,6,6553.74,365,0
15333.0,1,1028.56,207,0
15334.0,3,351.67,156,0
15335.0,1,173.97,53,0
15336.0,1,240.5,401,1
15337.0,1,373.02,410,1
15338.0,1,283.43,676,1
15339.0,7,1827.84,65,0
15340.0,1,105.5,561,1
15341.0,2,2402.72,80,0
15342.0,1,406.09,129,0
15343.0,1,364.5,86,0
15344.0,3,563.94,0,0
15345.0,1,393.54,45,0
15346.0,3,596.12,332,0
15347.0,4,1363.6,365,0
15348.0,1,158.04,71,0
15349.0,2,473.81,157,0
15350.0,2,663.25,372,1
15351.0,10,3738.29,11,0
15352.0,1,114.95,548,1
15353.0,7,3175.95,254,0
15354.0,3,284.4,602,1
15355.0,2,277.05,28,0
15356.0,13,3464.95,30,0
15358.0,42,17050.41,4,0
15359.0,8,181.35,662,1
15360.0,1,427.93,39,0
15361.0,4,689.07,361,0
15362.0,2,613.08,448,1
15363.0,2,1004.11,372,1
15364.0,2,913.19,95,0
15365.0,13,4557.13,25,0
15366.0,7,2389.08,74,0
15367.0,11,5081.33,56,0
15368.0,2,722.74,20,0
15369.0,11,6251.26,491,1
15370.0,8,3739.01,40,0
15371.0,1,59.4,661,1
15372.0,8,6017.06,136,0
15373.0,17,3421.39,7,0
15374.0,2,307.32,128,0
15375.0,1,60.96,689,1
15376.0,3,1233.36,39,0
15377.0,4,1211.75,382,1
15378.0,2,246.5,462,1
15379.0,8,4877.84,168,0
15380.0,11,3479.06,8,0
15381.0,5,1890.57,213,0
15382.0,12,13733.55,14,0
15384.0,4,2027.79,169,0
15385.0,3,942.08,39,0
15386.0,1,394.14,185,0
15387.0,1,468.65,491,1
15388.0,1,140.54,269,0
15389.0,5,2733.8,171,0
15390.0,2,1216.66,395,1
15391.0,1,289.87,583,1
15392.0,7,2911.62,4,0
15393.0,5,891.34,15,0
15394.0,11,5286.8,9,0
15395.0,1,107.45,325,0
15396.0,2,796.38,112,0
15397.0,1,94.0,289,0
15398.0,2,1345.53,15,0
15399.0,3,815.77,0,0
15400.0,8,1302.3,91,0
15401.0,2,216.95,451,1
15402.0,6,1830.54,148,0
15403.0,2,170.88,491,1
15404.0,1,257.06,375,1
15405.0,2,659.84,188,0
15406.0,4,975.87,30,0
15407.0,4,1056.44,33,0
15408.0,1,267.18,263,0
15409.0,1,131.25,720,1
15410.0,10,4685.72,83,0
15411.0,4,1358.88,25,0
15412.0,1,190.53,170,0
15413.0,5,6798.72,691,1
15414.0,3,774.9,9,0
15415.0,1,572.81,312,0
15416.0,7,4572.82,64,0
15417.0,1,508.8,84,0
15418.0,2,452.32,424,1
15419.0,1,135.86,24,0
15420.0,6,743.0,433,1
15421.0,10,3805.34,58,0
15422.0,7,1619.97,322,0
15423.0,3,266.89,37,0
15424.0,3,597.78,253,0
15425.0,4,1944.57,399,1
15426.0,9,2615.39,18,0
15427.0,3,1483.14,32,0
15428.0,4,762.75,14,0
15429.0,2,397.35,26,0
15430.0,2,954.75,467,1
15431.0,1,153.24,502,1
15432.0,2,320.76,22,0
15433.0,2,533.3,213,0
15434.0,11,2567.06,7,0
15435.0,1,149.29,21,0
15436.0,3,1122.53,11,0
15437.0,2,393.45,261,0
15438.0,1,156.58,130,0
15439.0,4,1269.05,404,1
15440.0,3,383.68,54,0
15441.0,3,1254.21,395,1
15442.0,1,594.0,248,0
15443.0,14,5175.93,1,0
15444.0,2,1418.26,8,0
15445.0,2,284.5,263,0
15446.0,3,406.95,376,1
15447.0,5,492.88,330,0
15448.0,2,788.81,312,0
15449.0,3,974.52,25,0
15450.0,1,429.84,29,0
15451.0,2,233.21,433,1
15452.0,6,1799.11,29,0
15453.0,7,1388.37,1,0
15454.0,2,307.69,361,0
15455.0,1,38.25,597,1
15456.0,10,2119.27,282,0
15457.0,1,237.07,261,0
15458.0,2,370.44,24,0
15459.0,2,202.83,416,1
15460.0,1,216.76,353,0
15461.0,2,429.7,460,1
15462.0,4,737.05,93,0
15463.0,1,126.14,28,0
15464.0,1,1048.85,337,0
15465.0,32,12655.65,19,0
15466.0,4,1571.01,84,0
15467.0,3,524.88,8,0
15468.0,3,1430.48,50,0
15469.0,3,874.25,49,0
15470.0,1,63.42,575,1
15471.0,3,1316.56,1,0
15472.0,1,371.56,112,0
15473.0,8,2046.0,13,0
15474.0,1,163.1,595,1
15475.0,1,454.11,76,0
15476.0,4,2209.98,379,1
15477.0,1,368.4,649,1
15478.0,3,2024.98,39,0
15479.0,1,147.4,732,1
15480.0,5,6279.0,115,0
15481.0,1,1993.34,400,1
15482.0,19,14592.56,15,0
15483.0,10,862.2,160,0
15484.0,6,4656.0,0,0
15485.0,7,5771.51,29,0
15486.0,1,102.0,526,1
15487.0,1,231.32,679,1
15488.0,5,431.92,92,0
15489.0,8,2419.61,22,0
15490.0,1,217.6,429,1
15491.0,6,3100.09,94,0
15492.0,2,659.46,27,0
15493.0,9,4314.98,32,0
15494.0,5,3780.05,20,0
15495.0,1,246.5,378,1
15496.0,1,146.14,630,1
15497.0,9,8657.39,17,0
15498.0,44,26039.58,2,0
15499.0,1,161.6,723,1
15500.0,4,1131.56,7,0
15501.0,2,402.5,404,1
15502.0,14,13993.47,15,0
15503.0,2,267.15,362,0
15504.0,4,423.85,80,0
15505.0,5,3610.96,52,0
15506.0,6,2040.03,22,0
15507.0,1,492.36,171,0
15508.0,6,1000.27,188,0
15509.0,1,166.51,379,1
15510.0,1,250.0,330,0
15511.0,5,909.23,11,0
15512.0,4,331.58,155,0
15513.0,35,27750.55,32,0
15514.0,18,6598.55,11,0
15515.0,1,171.81,386,1
15516.0,3,62.43,44,0
15517.0,1,267.03,232,0
15518.0,15,4218.94,63,0
15519.0,2,344.61,382,1
15520.0,1,343.5,1,0
15521.0,16,7106.69,39,0
15522.0,2,398.84,32,0
15523.0,16,17359.99,83,0
15524.0,2,591.4,24,0
15525.0,4,1295.7,1,0
15526.0,2,148.44,32,0
15527.0,23,5575.64,18,0
15528.0,1,229.33,253,0
15529.0,12,5111.95,22,0
15530.0,5,1813.72,21,0
15531.0,2,2007.44,7,0
15532.0,10,3771.9,24,0
15533.0,3,807.57,18,0
15534.0,1,162.25,725,1
15535.0,6,1087.82,172,0
15536.0,1,259.09,408,1
15537.0,1,110.92,162,0
15538.0,6,3358.4,537,1
15539.0,1,538.46,6,0
15540.0,2,460.68,10,0
15541.0,1,85.13,113,0
15542.0,3,918.45,511,1
15543.0,2,242.84,287,0
15544.0,20,8162.43,8,0
15545.0,2,428.05,53,0
15546.0,2,1079.1,606,1
15547.0,26,10154.39,6,0
15548.0,1,158.09,595,1
15549.0,8,2345.96,76,0
15550.0,12,2218.8,3,0
15551.0,7,1710.08,36,0
15552.0,2,252.52,216,0
15553.0,1,437.23,59,0
15554.0,1,217.2,277,0
15555.0,36,12112.35,11,0
15556.0,1,279.77,23,0
15557.0,1,473.65,28,0
15558.0,1,214.13,638,1
15559.0,1,1109.4,567,1
15560.0,2,153.52,397,1
15561.0,8,1934.39,11,0
15562.0,3,673.38,351,0
15563.0,7,2867.0,21,0
15564.0,2,70.74,462,1
15565.0,2,173.16,49,0
15566.0,2,227.87,392,1
15567.0,1,186.01,18,0
15568.0,3,758.29,2,0
15569.0,10,3586.35,103,0
15570.0,25,9311.04,6,0
15571.0,14,4051.63,11,0
15572.0,10,4068.67,4,0
15573.0,5,1207.18,31,0
15574.0,6,1518.7,177,0
15575.0,1,30.1,619,1
15576.0,1,940.67,37,0
15577.0,5,397.98,150,0
15578.0,1,127.1,161,0
15579.0,5,1302.5,68,0
15580.0,8,1381.19,376,1
15581.0,38,7794.59,120,0
15582.0,3,682.91,24,0
15583.0,1,107.86,375,1
15584.0,6,1277.5,23,0
15585.0,1,455.3,176,0
15586.0,3,1139.1,592,1
15587.0,7,1522.08,49,0
15588.0,1,579.6,677,1
15589.0,3,478.53,255,0
15590.0,5,1496.6,381,1
15591.0,3,217.9,582,1
15592.0,1,388.58,46,0
15593.0,1,199.8,70,0
15594.0,5,1771.78,15,0
15595.0,1,357.6,487,1
15596.0,9,3130.04,100,0
15597.0,2,563.37,34,0
15598.0,2,548.02,52,0
15599.0,3,1250.06,26,0
15600.0,4,1199.31,427,1
15601.0,30,14960.12,10,0
15602.0,16,3230.51,7,0
15603.0,2,88.48,78,0
15604.0,1,216.39,51,0
15605.0,9,1936.8,35,0
15606.0,17,5230.99,60,0
15607.0,9,1708.97,336,0
15608.0,5,1785.98,27,0
15609.0,1,298.48,183,0
15610.0,1,112.46,51,0
15611.0,26,2997.28,9,0
15612.0,2,195.15,35,0
15613.0,1,433.72,609,1
15614.0,4,3147.36,437,1
15615.0,47,21373.97,9,0
15616.0,1,317.11,437,1
15617.0,3,828.55,395,1
15618.0,4,776.85,32,0
15619.0,1,336.4,10,0
15620.0,4,1942.36,56,0
15621.0,4,1293.03,3,0
15622.0,17,7852.61,42,0
15623.0,8,2437.05,140,0
15624.0,4,588.13,116,0
15625.0,9,3236.4,103,0
15626.0,3,1067.52,74,0
15627.0,2,566.9,456,1
15628.0,17,5652.26,4,0
15629.0,4,2240.9,449,1
15630.0,3,1481.4,44,0
15631.0,1,596.67,641,1
15632.0,8,3285.31,15,0
15633.0,13,4352.46,508,1
15634.0,2,554.65,16,0
15635.0,1,100.35,395,1
15636.0,4,1444.58,89,0
15637.0,5,797.59,52,0
15638.0,6,2265.2,378,1
15639.0,3,1065.08,133,0
15640.0,29,23957.58,3,0
15641.0,12,5345.55,104,0
15642.0,1,105.78,729,1
15643.0,3,664.0,191,0
15644.0,4,813.0,165,0
15645.0,3,1055.17,18,0
15646.0,5,974.61,157,0
15647.0,1,169.0,414,1
15648.0,2,657.35,203,0
15649.0,4,2170.35,335,0
15650.0,2,553.88,521,1
15651.0,5,1259.06,36,0
15652.0,5,1420.34,90,0
15653.0,2,877.44,92,0
15654.0,2,922.53,8,0
15655.0,1,560.67,242,0
15656.0,4,748.5,44,0
15657.0,1,30.0,22,0
15658.0,8,2423.47,189,0
15659.0,3,532.49,43,0
15660.0,15,2812.99,24,0
15661.0,8,1215.95,316,0
15662.0,2,283.73,660,1
15663.0,1,138.14,105,0
15664.0,4,1254.03,50,0
15665.0,5,4015.12,167,0
15666.0,2,632.94,471,1
15667.0,1,301.32,39,0
15668.0,1,76.32,217,0
15669.0,4,684.34,39,0
15670.0,2,325.2,296,0
15671.0,7,2657.13,18,0
15672.0,1,45.3,724,1
15673.0,9,6414.79,87,0
15674.0,13,6948.23,72,0
15675.0,4,542.04,80,0
15676.0,3,3435.76,18,0
15677.0,3,1305.63,48,0
15678.0,3,1893.89,52,0
15679.0,4,781.28,23,0
15680.0,10,4507.58,8,0
15681.0,14,2989.7,24,0
15682.0,2,318.24,598,1
15683.0,2,524.54,116,0
15684.0,3,173.95,546,1
15685.0,1,55.98,449,1
15686.0,1,90.0,419,1
15687.0,9,2993.1,8,0
15688.0,1,190.57,418,1
15689.0,3,521.03,119,0
15690.0,2,239.76,3,0
15691.0,4,571.3,251,0
15692.0,1,191.04,27,0
15693.0,1,37.5,658,1
15694.0,24,10810.81,0,0
15695.0,4,1131.04,266,0
15696.0,13,3906.57,32,0
15697.0,1,246.75,689,1
15698.0,1,46.2,623,1
15699.0,1,309.65,17,0
15700.0,2,696.68,171,0
15701.0,4,1542.14,1,0
15702.0,2,140.39,475,1
15703.0,1,211.5,264,0
15704.0,6,3817.96,139,0
15705.0,1,143.1,200,0
15706.0,4,1060.56,63,0
15707.0,4,945.58,34,0
15708.0,9,4378.72,40,0
15709.0,2,327.85,283,0
15710.0,1,898.87,416,1
15711.0,2,420.25,556,1
15712.0,12,3472.41,8,0
15713.0,4,1010.79,142,0
15714.0,5,784.81,11,0
15715.0,5,658.02,555,1
15716.0,11,3056.81,145,0
15717.0,5,607.0,233,0
15718.0,1,293.79,539,1
15719.0,31,10223.06,32,0
15720.0,2,741.92,23,0
15721.0,1,507.08,11,0
15722.0,11,5258.1,35,0
15723.0,4,947.65,364,0
15724.0,3,310.85,200,0
15725.0,1,415.25,14,0
15726.0,1,321.91,389,1
15727.0,15,9445.51,16,0
15728.0,2,544.6,379,1
15729.0,3,192.55,212,0
15730.0,5,1726.58,65,0
15731.0,1,125.3,553,1
15732.0,10,1682.07,211,0
15733.0,1,162.3,282,0
15734.0,4,2263.3,114,0
15735.0,1,327.68,420,1
15736.0,2,1815.72,434,1
15737.0,8,1205.12,14,0
15738.0,41,13372.97,18,0
15739.0,1,449.12,65,0
15740.0,1,154.88,48,0
15741.0,2,208.62,457,1
15742.0,1,156.87,618,1
15743.0,4,784.46,15,0
15744.0,1,34.8,77,0
15745.0,4,1094.59,18,0
15746.0,1,196.88,133,0
15747.0,9,2562.61,12,0
15748.0,3,614.76,39,0
15749.0,3,44534.3,234,0
15750.0,18,6797.19,2,0
15751.0,11,1380.44,460,1
15752.0,9,4207.54,39,0
15753.0,1,79.2,304,0
15754.0,9,3037.61,50,0
15755.0,17,5993.12,9,0
15756.0,4,532.96,60,0
15757.0,6,2940.36,65,0
15758.0,1,205.25,24,0
15759.0,7,830.93,217,0
15760.0,2,13916.34,630,1
15761.0,1,143.05,442,1
15762.0,2,583.75,64,0
15763.0,2,1086.92,31,0
15764.0,8,4503.08,87,0
15765.0,1,370.63,666,1
15766.0,3,831.06,63,0
15768.0,34,15601.09,115,0
15769.0,46,88704.32,6,0
15770.0,1,321.45,612,1
15771.0,3,1006.54,603,1
15772.0,1,280.88,417,1
15773.0,2,774.52,5,0
15774.0,6,1329.94,68,0
15775.0,2,150.5,244,0
15776.0,1,241.62,132,0
15777.0,7,1762.61,240,0
15778.0,1,307.95,430,1
15779.0,2,124.08,462,1
15780.0,3,475.28,183,0
15781.0,3,345.46,24,0
15782.0,4,4014.1,9,0
15783.0,1,246.3,10,0
15784.0,2,848.33,467,1
15785.0,16,5969.93,32,0
15786.0,5,8514.82,45,0
15787.0,3,948.05,25,0
15788.0,1,221.83,508,1
15789.0,6,1962.01,357,0
15790.0,1,220.85,9,0
15791.0,5,3608.34,43,0
15792.0,2,933.84,399,1
15793.0,8,2399.57,14,0
15794.0,2,777.0,735,1
15795.0,8,1979.87,149,0
15796.0,17,5175.83,0,0
15797.0,6,2821.08,112,0
15798.0,3,1535.37,492,1
15799.0,4,1424.29,75,0
15800.0,7,1242.58,106,0
15801.0,3,1063.95,45,0
15802.0,1,451.42,142,0
15803.0,4,1929.66,50,0
15804.0,13,4206.39,0,0
15805.0,30,10189.23,22,0
15806.0,3,784.58,45,0
15807.0,5,1817.52,49,0
15808.0,21,18409.93,305,0
15809.0,7,1274.44,35,0
15810.0,8,2999.04,78,0
15811.0,7,3890.52,21,0
15812.0,12,5201.47,106,0
15813.0,2,1303.91,207,0
15814.0,6,2634.44,16,0
15815.0,5,2100.6,63,0
15816.0,2,144.15,541,1
15817.0,3,2766.4,420,1
15818.0,1,340.5,587,1
15819.0,10,3934.79,48,0
15820.0,1,206.98,319,0
15821.0,2,570.96,43,0
15822.0,6,1840.06,2,0
15823.0,3,3897.17,371,1
15824.0,2,890.94,452,1
15825.0,1,532.94,171,0
15826.0,4,2598.28,55,0
15827.0,28,3794.07,72,0
15828.0,1,1108.82,374,1
15829.0,2,636.14,98,0
15830.0,1,576.0,37,0
15831.0,3,801.76,57,0
15832.0,1,836.79,253,0
15833.0,1,80.4,737,1
15834.0,7,3772.99,69,0
15835.0,4,954.09,43,0
15836.0,1,137.37,49,0
15837.0,2,777.01,64,0
15838.0,34,74163.0,10,0
15839.0,3,1048.49,32,0
15840.0,2,355.56,58,0
15841.0,9,2742.41,72,0
15842.0,2,548.8,392,1
15843.0,1,118.95,303,0
15844.0,1,130.74,45,0
15845.0,11,4426.28,17,0
15846.0,1,107.01,384,1
15847.0,5,822.57,37,0
15848.0,1,139.94,621,1
15850.0,6,1058.72,18,0
15851.0,1,109.73,526,1
15852.0,3,257.26,186,0
15853.0,1,110.8,51,0
15854.0,21,5583.81,3,0
15855.0,6,1052.72,136,0
15856.0,52,34220.34,3,0
15857.0,2,570.48,18,0
15858.0,13,3960.37,15,0
15859.0,1,438.46,431,1
15860.0,17,2505.21,40,0
15861.0,12,4401.79,11,0
15862.0,13,2928.29,7,0
15863.0,5,358.7,25,0
15864.0,7,2180.76,21,0
15865.0,5,2248.92,40,0
15866.0,1,230.53,100,0
15867.0,31,9063.95,4,0
15868.0,1,94.53,582,1
15869.0,3,323.66,276,0
15870.0,4,862.61,32,0
15871.0,1,33.1,436,1
15872.0,4,795.68,14,0
15873.0,4,313.92,499,1
15874.0,21,11284.76,63,0
15875.0,1,111.72,645,1
15876.0,2,1449.14,408,1
15877.0,2,493.28,1,0
15878.0,2,330.77,561,1
15879.0,4,1157.3,403,1
15880.0,1,686.56,368,1
15881.0,5,501.39,311,0
15882.0,8,1495.98,198,0
15883.0,2,396.48,1,0
15884.0,2,249.7,431,1
15885.0,15,1951.82,92,0
15886.0,4,1052.87,59,0
15887.0,3,1027.15,406,1
15888.0,3,429.16,80,0
15889.0,8,1806.28,156,0
15890.0,5,535.65,394,1
15891.0,1,524.52,226,0
15892.0,1,128.2,668,1
15893.0,1,305.28,481,1
15894.0,2,420.29,252,0
15895.0,1,179.17,149,0
15897.0,2,222.05,193,0
15898.0,25,5596.31,0,0
15899.0,1,112.5,368,1
15900.0,4,900.4,23,0
15901.0,7,703.22,16,0
15902.0,1,145.01,379,1
15903.0,12,8939.84,9,0
15904.0,1,164.68,7,0
15905.0,1,114.69,542,1
15906.0,10,2555.64,19,0
15907.0,3,967.45,3,0
15908.0,2,764.57,490,1
15909.0,1,191.94,173,0
15910.0,15,2681.8,0,0
15911.0,8,1702.34,623,1
15912.0,9,1074.7,177,0
15913.0,1,6.3,533,1
15914.0,2,205.99,377,1
15915.0,1,429.21,401,1
15916.0,13,3427.17,15,0
15917.0,5,560.63,247,0
15918.0,3,582.88,190,0
15919.0,2,910.61,19,0
15920.0,9,571.64,153,0
15921.0,4,802.11,172,0
15922.0,1,739.0,372,1
15923.0,1,254.16,372,1
15924.0,1,102.82,730,1
15925.0,1,207.15,193,0
15926.0,1,134.44,541,1
15927.0,1,123.39,646,1
15928.0,1,293.53,655,1
15929.0,1,594.0,643,1
15930.0,1,426.63,66,0
15931.0,1,239.9,427,1
15932.0,8,2495.87,3,0
15933.0,3,1107.46,20,0
15934.0,2,2190.66,417,1
15935.0,2,416.86,238,0
15936.0,2,282.79,378,1
15937.0,1,145.35,63,0
15938.0,9,734.81,111,0
15939.0,16,9060.39,89,0
15940.0,1,35.8,310,0
15941.0,1,405.0,636,1
15942.0,1,337.44,133,0
15943.0,2,271.29,649,1
15944.0,4,2164.24,276,0
15945.0,4,827.27,364,0
15946.0,3,2304.18,502,1
15947.0,1,1708.24,82,0
15948.0,3,1509.09,7,0
15949.0,2,364.72,16,0
15950.0,10,7180.71,31,0
15951.0,3,1013.17,8,0
15952.0,4,806.57,33,0
15953.0,18,3669.55,14,0
15954.0,1,190.75,588,1
15955.0,22,8658.36,23,0
15956.0,2,617.6,550,1
15957.0,3,930.1,31,0
15958.0,4,492.99,73,0
15959.0,3,579.49,681,1
15960.0,4,410.95,373,1
15961.0,1,451.29,378,1
15962.0,1,295.83,448,1
15963.0,2,470.76,19,0
15964.0,1,272.96,662,1
15965.0,13,3013.09,16,0
15966.0,1,426.53,450,1
15967.0,12,3041.6,22,0
15968.0,1,418.05,387,1
15969.0,5,1127.05,2,0
15970.0,2,1017.32,303,0
15971.0,18,5902.83,17,0
15972.0,5,1810.27,455,1
15973.0,3,988.44,366,1
15974.0,7,3442.15,38,0
15975.0,1,371.01,83,0
15976.0,6,1746.64,164,0
15977.0,2,1054.73,16,0
15978.0,3,3279.42,76,0
15979.0,1,329.22,602,1
15980.0,7,6593.68,88,0
15981.0,21,9362.77,24,0
15982.0,1,324.51,604,1
15983.0,8,3958.82,21,0
15984.0,30,8759.32,2,0
15985.0,7,2715.28,122,0
15986.0,2,354.42,29,0
15987.0,8,1682.13,11,0
15988.0,3,770.09,18,0
15989.0,2,372.51,375,1
15990.0,7,2010.05,43,0
15991.0,1,150.55,533,1
15992.0,3,896.6,3,0
15993.0,7,2797.57,8,0
15994.0,3,1202.18,54,0
15995.0,1,696.19,413,1
15996.0,7,1686.9,87,0
15998.0,16,8308.34,36,0
15999.0,1,20.4,735,1
16000.0,3,12393.7,2,0
16001.0,1,583.39,380,1
16002.0,1,169.21,624,1
16003.0,10,5613.83,29,0
16004.0,5,2146.39,474,1
16005.0,10,2436.22,11,0
16006.0,2,347.17,210,0
16007.0,7,3075.14,47,0
16008.0,15,5384.13,23,0
16009.0,4,992.71,21,0
16010.0,11,1724.06,245,0
16011.0,29,5880.46,7,0
16012.0,5,2989.79,34,0
16013.0,84,57446.44,3,0
16014.0,5,1130.27,37,0
16015.0,3,705.39,3,0
16016.0,11,2533.94,2,0
16017.0,5,1553.83,46,0
16018.0,4,698.13,38,0
16019.0,27,17465.85,46,0
16020.0,3,851.01,16,0
16021.0,2,532.25,394,1
16022.0,1,628.28,259,0
16023.0,3,719.81,45,0
16024.0,3,484.2,11,0
16025.0,1,439.66,29,0
16026.0,1,236.09,42,0
16027.0,15,2048.36,91,0
16028.0,1,82.2,595,1
16029.0,107,122209.14,38,0
16030.0,1,331.24,309,0
16031.0,2,548.94,91,0
16032.0,6,1970.45,455,1
16033.0,27,10836.13,5,0
16034.0,6,928.72,195,0
16035.0,1,217.73,559,1
16036.0,4,2556.84,86,0
16037.0,5,1509.34,269,0
16038.0,3,471.78,7,0
16039.0,2,456.4,423,1
16040.0,7,2416.9,64,0
16041.0,3,3166.4,30,0
16042.0,8,2265.12,21,0
16043.0,8,1856.59,37,0
16044.0,1,340.84,434,1
16045.0,8,3434.93,119,0
16046.0,1,235.78,561,1
16047.0,1,107.14,681,1
16048.0,4,1075.23,372,1
16049.0,6,1899.68,39,0
16050.0,3,300.7,173,0
16051.0,1,188.44,681,1
16052.0,1,362.06,53,0
16053.0,6,3634.84,32,0
16054.0,4,2111.88,144,0
16055.0,1,134.8,220,0
16056.0,1,664.85,44,0
16057.0,10,3854.85,15,0
16058.0,1,62.7,405,1
16059.0,12,3217.77,65,0
16060.0,3,541.95,400,1
16061.0,1,89.65,430,1
16062.0,8,2863.45,9,0
16063.0,1,335.32,259,0
16064.0,1,111.0,724,1
16065.0,8,2382.62,364,0
16066.0,5,1521.87,16,0
16067.0,3,3395.29,562,1
16068.0,1,122.93,593,1
16069.0,1,457.7,417,1
16070.0,2,852.15,21,0
16071.0,4,1076.8,44,0
16072.0,4,4328.89,287,0
16073.0,1,122.4,296,0
16074.0,1,265.25,389,1
16075.0,2,736.93,502,1
16076.0,10,2234.73,2,0
16077.0,1,2300.4,625,1
16078.0,2,362.99,283,0
16079.0,3,1352.0,16,0
16080.0,4,602.56,81,0
16081.0,8,4460.18,55,0
16082.0,1,106.75,669,1
16083.0,4,2351.42,100,0
16084.0,1,436.18,298,0
16085.0,12,2343.53,22,0
16086.0,10,2864.99,58,0
16087.0,5,1739.92,388,1
16088.0,2,1437.43,575,1
16089.0,2,271.44,385,1
16090.0,1,205.91,623,1
16091.0,2,315.06,154,0
16092.0,6,1587.94,114,0
16093.0,1,17.0,106,0
16094.0,11,3695.56,11,0
16095.0,1,447.05,455,1
16096.0,4,1584.97,263,0
16097.0,1,185.05,239,0
16098.0,14,4448.1,87,0
16099.0,7,1573.2,49,0
16100.0,1,582.64,462,1
16101.0,4,3229.16,70,0
16102.0,3,1842.14,41,0
16103.0,22,6191.71,6,0
16104.0,9,2778.61,61,0
16105.0,5,2386.19,248,0
16106.0,1,108.38,65,0
16107.0,7,3204.16,17,0
16108.0,4,2235.92,84,0
16109.0,3,939.48,218,0
16110.0,4,1819.27,44,0
16111.0,1,562.48,427,1
16112.0,4,195.74,142,0
16113.0,1,161.38,182,0
16114.0,1,135.75,170,0
16115.0,12,2575.14,9,0
16116.0,1,612.78,211,0
16117.0,3,654.4,189,0
16118.0,1,4376.25,652,1
16119.0,8,1720.81,7,0
16120.0,6,3056.91,58,0
16121.0,5,1477.09,56,0
16122.0,6,1001.34,72,0
16123.0,1,307.78,51,0
16124.0,4,1772.49,316,0
16125.0,14,4587.65,366,1
16126.0,15,14646.8,28,0
16127.0,2,801.31,38,0
16128.0,11,3801.05,17,0
16129.0,3,1396.05,406,1
16130.0,4,987.48,421,1
16131.0,12,9957.42,51,0
16132.0,2,664.2,543,1
16133.0,56,22992.26,3,0
16134.0,5,2145.34,21,0
16135.0,2,819.45,262,0
16136.0,4,946.8,59,0
16137.0,1,422.7,679,1
16138.0,3,910.35,378,1
16139.0,5,1111.15,18,0
16140.0,3,1557.6,65,0
16141.0,2,955.94,87,0
16142.0,1,535.34,249,0
16143.0,12,4910.83,2,0
16144.0,1,175.2,246,0
16145.0,19,6805.44,8,0
16146.0,4,946.38,156,0
16147.0,5,2398.91,133,0
16148.0,2,386.62,295,0
16149.0,3,422.22,4,0
16150.0,10,4395.59,42,0
16152.0,1,1829.04,268,0
16153.0,11,5133.49,49,0
16155.0,5,796.9,381,1
16156.0,20,6218.18,8,0
16157.0,3,656.69,15,0
16158.0,9,628.32,521,1
16159.0,4,1232.79,281,0
16160.0,2,1025.44,64,0
16161.0,43,12831.8,1,0
16162.0,1,37.4,251,0
16163.0,6,2849.58,231,0
16164.0,3,822.48,16,0
16165.0,1,79.9,504,1
16166.0,2,435.83,427,1
16167.0,5,1386.12,413,1
16168.0,66,10636.47,10,0
16169.0,4,1822.97,7,0
16170.0,20,6869.0,50,0
16171.0,1,73.2,58,0
16172.0,8,1884.55,94,0
16173.0,6,1418.32,15,0
16174.0,7,2246.75,125,0
16175.0,7,1836.44,93,0
16176.0,4,2052.69,420,1
16177.0,8,2247.31,49,0
16178.0,2,612.6,137,0
16179.0,1,215.83,60,0
16180.0,13,16249.87,99,0
16181.0,1,305.54,72,0
16182.0,9,9971.65,71,0
16183.0,4,1077.81,66,0
16184.0,6,1158.79,63,0
16185.0,3,644.72,16,0
16186.0,26,9026.11,22,0
16187.0,15,6911.44,31,0
16188.0,5,1087.66,44,0
16189.0,2,215.48,15,0
16190.0,8,2723.55,39,0
16191.0,24,15688.02,2,0
16192.0,1,351.3,735,1
16193.0,2,630.43,236,0
16194.0,1,308.6,374,1
16195.0,1,323.25,722,1
16196.0,1,93.3,488,1
16197.0,9,2016.71,468,1
16198.0,2,1030.04,74,0
16199.0,7,942.75,391,1
16200.0,12,5643.45,3,0
16201.0,5,2112.12,2,0
16202.0,9,2501.99,360,0
16203.0,6,1114.54,58,0
16204.0,3,944.24,22,0
16205.0,7,1830.61,30,0
16206.0,13,2602.32,54,0
16207.0,1,394.38,24,0
16208.0,10,3440.45,44,0
16209.0,9,4146.78,88,0
16210.0,35,38489.51,1,0
16211.0,3,1090.59,88,0
16212.0,4,1293.71,18,0
16213.0,1,159.0,78,0
16214.0,4,2038.25,170,0
16215.0,1,242.35,80,0
16216.0,1,914.93,266,0
16217.0,2,304.25,234,0
16218.0,13,4439.97,29,0
16219.0,1,40.8,500,1
16221.0,9,2235.51,36,0
16222.0,2,1345.22,317,0
16223.0,2,1102.35,374,1
16224.0,5,1616.54,56,0
16225.0,15,2867.41,44,0
16226.0,5,672.17,202,0
16227.0,3,1027.22,224,0
16228.0,3,890.81,384,1
16229.0,6,2867.86,86,0
16230.0,2,542.03,189,0
16231.0,4,1078.22,378,1
16232.0,7,2712.97,43,0
16233.0,9,1965.71,70,0
16234.0,3,333.18,475,1
16235.0,9,2053.71,40,0
16236.0,1,432.2,77,0
16237.0,1,136.65,436,1
16238.0,1,63.66,422,1
16239.0,6,1492.2,56,0
16240.0,2,3718.8,23,0
16241.0,16,4329.31,9,0
16242.0,14,7474.4,7,0
16243.0,2,409.1,33,0
16244.0,2,2579.38,211,0
16245.0,3,1413.66,23,0
16246.0,2,827.25,459,1
16247.0,1,114.56,169,0
16248.0,1,152.94,61,0
16249.0,5,1800.07,52,0
16250.0,3,791.38,260,0
16251.0,1,128.31,511,1
16252.0,1,295.09,382,1
16253.0,7,7310.15,66,0
16254.0,3,985.14,377,1
16255.0,15,4906.8,16,0
16256.0,3,1629.37,266,0
16257.0,1,46.95,176,0
16258.0,15,11942.52,44,0
16259.0,3,361.94,409,1
16260.0,1,1035.45,50,0
16261.0,6,1059.45,16,0
16262.0,1,755.15,377,1
16263.0,1,351.01,422,1
16264.0,2,837.53,437,1
16265.0,12,6935.17,8,0
16266.0,14,1757.95,73,0
16267.0,1,186.66,590,1
16268.0,2,667.65,70,0
16269.0,1,717.57,437,1
16270.0,1,1141.24,352,0
16271.0,10,3463.02,2,0
16272.0,1,411.7,116,0
16273.0,2,336.04,647,1
16274.0,1,715.9,372,1
16275.0,3,2151.11,196,0
16276.0,3,2629.39,176,0
16277.0,1,188.69,733,1
16278.0,3,1117.84,99,0
16279.0,9,5705.08,20,0
16280.0,1,238.05,724,1
16281.0,3,3424.02,71,0
16282.0,3,1307.58,339,0
16283.0,8,4403.82,5,0
16284.0,3,1029.77,30,0
16285.0,1,176.9,645,1
16286.0,2,328.95,476,1
16287.0,5,1006.98,169,0
16288.0,1,129.85,469,1
16289.0,1,136.31,461,1
16290.0,4,2069.3,464,1
16291.0,1,117.72,681,1
16292.0,5,1253.76,121,0
16293.0,15,4657.95,21,0
16294.0,1,126.05,476,1
16295.0,4,1328.55,9,0
16296.0,4,1313.67,625,1
16297.0,1,301.9,268,0
16298.0,7,1085.7,22,0
16299.0,1,193.65,476,1
16300.0,3,1392.43,429,1
16301.0,1,107.33,736,1
16302.0,1,233.22,126,0
16303.0,7,7928.27,25,0
16304.0,1,381.66,694,1
16305.0,1,361.22,138,0
16306.0,7,1192.82,213,0
16307.0,3,1194.92,428,1
16308.0,7,5120.0,37,0
16309.0,2,706.57,105,0
16310.0,2,460.08,413,1
16311.0,2,616.26,17,0
16312.0,1,171.15,431,1
16313.0,2,274.15,2,0
16314.0,3,1491.4,389,1
16315.0,2,402.71,330,0
16316.0,13,5744.91,63,0
16317.0,5,2192.51,119,0
16318.0,1,328.15,34,0
16319.0,1,404.4,217,0
16320.0,6,5628.99,171,0
16321.0,7,604.55,71,0
16322.0,2,326.75,0,0
16323.0,2,353.66,195,0
16324.0,3,428.68,127,0
16325.0,12,3597.5,46,0
16326.0,24,4826.99,5,0
16327.0,16,10731.34,13,0
16328.0,1,310.83,562,1
16329.0,4,1703.07,427,1
16330.0,7,634.33,17,0
16331.0,6,2037.7,431,1
16332.0,11,2010.41,27,0
16333.0,22,26626.8,7,0
16334.0,1,277.48,491,1
16335.0,7,2774.0,551,1
16336.0,4,3517.69,420,1
16337.0,1,151.05,36,0
16338.0,1,214.8,156,0
16339.0,1,109.95,283,0
16340.0,3,1526.06,106,0
16341.0,7,3850.79,24,0
16342.0,4,322.41,74,0
16343.0,3,687.07,15,0
16344.0,4,842.42,157,0
16345.0,2,1198.74,43,0
16346.0,1,224.51,384,1
16347.0,11,3509.41,10,0
16348.0,8,1798.22,31,0
16349.0,1,53.5,290,0
16350.0,9,2253.89,20,0
16351.0,13,3330.03,332,0
16352.0,2,494.44,17,0
16353.0,38,9999.46,3,0
16354.0,5,1129.51,62,0
16355.0,1,416.35,374,1
16356.0,6,415.87,197,0
16357.0,4,868.37,32,0
16358.0,5,2919.65,0,0
16359.0,16,2697.75,6,0
16360.0,6,3512.53,4,0
16361.0,4,896.66,9,0
16362.0,6,946.94,31,0
16363.0,1,109.36,52,0
16364.0,2,707.04,11,0
16365.0,15,3307.2,17,0
16366.0,4,1548.13,18,0
16367.0,3,1362.4,36,0
16368.0,3,640.21,1,0
16369.0,7,2664.81,17,0
16370.0,4,1320.56,81,0
16371.0,1,157.2,448,1
16372.0,5,1328.61,32,0
16373.0,2,309.49,381,1
16374.0,5,1771.45,65,0
16375.0,2,104.0,469,1
16376.0,2,987.01,8,0
16377.0,2,1308.48,266,0
16378.0,3,362.95,246,0
16379.0,4,2157.4,3,0
16380.0,1,1780.59,60,0
16381.0,2,258.7,395,1
16382.0,2,353.1,407,1
16383.0,7,2974.84,74,0
16384.0,4,1358.95,89,0
16385.0,5,1030.61,59,0
16386.0,3,1102.59,28,0
16387.0,5,918.55,322,0
16388.0,1,186.05,653,1
16389.0,4,1382.07,52,0
16390.0,3,467.5,536,1
16391.0,4,1103.61,400,1
16392.0,3,763.05,269,0
16393.0,23,5561.66,1,0
16394.0,5,1555.34,56,0
16395.0,14,3537.85,60,0
16396.0,1,137.8,475,1
16397.0,1,127.88,627,1
16398.0,2,1705.8,153,0
16399.0,3,641.82,18,0
16400.0,9,3159.44,94,0
16401.0,23,6849.15,0,0
16402.0,2,511.4,264,0
16403.0,1,177.5,311,0
16404.0,1,443.05,69,0
16405.0,2,167.25,301,0
16406.0,3,552.68,18,0
16407.0,14,2821.65,12,0
16408.0,1,231.93,590,1
16409.0,12,5709.04,35,0
16410.0,1,130.32,733,1
16411.0,4,910.19,18,0
16412.0,5,647.23,53,0
16413.0,2,528.98,56,0
16414.0,5,559.71,21,0
16415.0,3,719.44,43,0
16416.0,9,2972.88,26,0
16417.0,1,35.7,492,1
16418.0,5,1101.94,44,0
16419.0,8,1487.42,112,0
16420.0,1,75.0,395,1
16421.0,3,526.27,375,1
16422.0,109,63651.47,16,0
16423.0,1,346.12,24,0
16424.0,2,443.06,190,0
16425.0,1,302.7,301,0
16426.0,10,1908.25,1,0
16427.0,2,241.06,262,0
16428.0,3,660.28,413,1
16429.0,1,284.55,105,0
16430.0,7,1117.94,56,0
16431.0,3,642.81,212,0
16432.0,1,287.4,63,0
16433.0,2,384.52,27,0
16434.0,12,2741.74,28,0
16435.0,3,1011.57,511,1
16436.0,3,329.34,667,1
16437.0,2,301.25,380,1
16438.0,5,798.35,5,0
16439.0,1,310.7,721,1
16440.0,6,3856.97,7,0
16441.0,5,1034.43,66,0
16442.0,5,899.47,1,0
16443.0,1,162.24,520,1
16444.0,17,3656.58,45,0
16445.0,4,602.73,33,0
16446.0,2,168472.5,0,0
16447.0,3,775.14,135,0
16448.0,2,367.87,197,0
16449.0,2,707.69,197,0
16450.0,3,1505.73,149,0
16451.0,3,1013.15,87,0
16452.0,2,332.17,630,1
16453.0,2,251.71,530,1
16454.0,4,30.95,44,0
16455.0,11,4384.37,63,0
16456.0,13,6862.91,98,0
16457.0,1,208.36,217,0
16458.0,30,5715.34,2,0
16459.0,1,71.79,729,1
16460.0,3,814.72,27,0
16461.0,3,1615.22,177,0
16462.0,3,136.0,73,0
16463.0,4,1422.4,20,0
16464.0,3,1314.68,19,0
16465.0,2,746.24,420,1
16466.0,15,3838.59,33,0
16467.0,7,2869.16,508,1
16468.0,3,787.52,73,0
16469.0,5,828.91,23,0
16470.0,11,2458.6,51,0
16471.0,4,1189.98,274,0
16472.0,2,789.6,433,1
16473.0,4,470.83,164,0
16474.0,7,1871.5,6,0
16475.0,4,544.3,87,0
16476.0,1,350.35,431,1
16477.0,11,4320.02,63,0
16478.0,3,331.0,24,0
16479.0,2,300.83,9,0
16480.0,1,769.29,75,0
16481.0,1,453.38,681,1
16482.0,1,220.62,15,0
16483.0,1,139.35,191,0
16484.0,2,404.3,173,0
16485.0,5,2294.68,76,0
16486.0,1,134.36,537,1
16487.0,2,209.4,576,1
16488.0,3,498.8,32,0
16489.0,2,303.7,379,1
16490.0,1,205.41,435,1
16491.0,2,1533.16,46,0
16492.0,1,385.56,540,1
16493.0,7,2132.09,79,0
16494.0,1,826.53,296,0
16495.0,3,684.41,2,0
16496.0,6,2330.77,8,0
16497.0,23,6695.28,49,0
16498.0,2,100.97,160,0
16499.0,8,2578.34,359,0
16500.0,9,843.91,4,0
16501.0,1,1237.23,382,1
16502.0,2,266.5,619,1
16503.0,11,3614.34,106,0
16504.0,1,484.38,24,0
16505.0,1,777.6,31,0
16506.0,2,90.3,19,0
16507.0,1,152.76,571,1
16508.0,1,248.8,629,1
16509.0,1,363.7,296,0
16510.0,6,2100.0,371,1
16511.0,6,1819.02,21,0
16513.0,4,874.59,4,0
16515.0,10,3216.3,51,0
16516.0,1,101.7,29,0
16517.0,1,162.7,276,0
16518.0,4,959.37,60,0
16519.0,4,556.26,24,0
16520.0,6,2482.62,185,0
16521.0,3,1148.01,414,1
16522.0,2,433.36,435,1
16523.0,28,11916.33,1,0
16524.0,2,308.14,445,1
16525.0,48,24582.64,1,0
16526.0,2,717.21,171,0
16527.0,2,1272.44,80,0
16528.0,1,244.41,3,0
16529.0,4,2012.0,189,0
16530.0,1,48.35,667,1
16531.0,11,2298.33,21,0
16532.0,5,8756.64,17,0
16533.0,3,1095.56,18,0
16534.0,1,635.9,641,1
16535.0,3,1001.59,4,0
16536.0,1,548.97,109,0
16537.0,1,23.35,640,1
16538.0,3,399.62,540,1
16539.0,10,3732.01,2,0
16540.0,1,226.7,413,1
16541.0,1,424.03,734,1
16542.0,2,257.32,53,0
16543.0,1,292.21,591,1
16544.0,4,376.7,519,1
16545.0,2,689.82,164,0
16546.0,5,5606.47,290,0
16547.0,1,111.71,545,1
16548.0,1,30.15,598,1
16549.0,34,13182.19,9,0
16550.0,18,9435.13,108,0
16551.0,7,2237.12,95,0
16552.0,2,475.02,242,0
16553.0,33,16644.01,162,0
16554.0,8,2841.72,41,0
16555.0,6,1915.68,34,0
16556.0,17,8012.58,66,0
16557.0,2,281.85,23,0
16558.0,38,13873.51,0,0
16559.0,1,185.2,396,1
16560.0,8,3048.38,26,0
16561.0,2,511.12,5,0
16562.0,1,223.86,476,1
16563.0,6,4422.76,53,0
16564.0,1,87.8,568,1
16565.0,4,773.05,363,0
16566.0,5,614.66,14,0
16567.0,2,865.6,193,0
16568.0,2,1020.9,427,1
16569.0,5,1455.23,2,0
16570.0,20,7434.31,14,0
16571.0,10,4248.74,26,0
16572.0,3,1009.6,126,0
16573.0,2,663.61,84,0
16574.0,3,1301.78,70,0
16576.0,2,540.87,419,1
16577.0,1,380.0,666,1
16578.0,1,156.6,625,1
16579.0,1,295.05,425,1
16581.0,1,105.84,182,0
16582.0,1,313.62,112,0
16583.0,2,531.4,373,1
16584.0,5,3163.67,79,0
16585.0,2,341.59,593,1
16586.0,3,1462.78,248,0
16587.0,1,225.15,231,0
16588.0,4,1361.28,385,1
16589.0,4,612.36,70,0
16590.0,2,605.9,400,1
16591.0,1,213.5,68,0
16592.0,28,7807.91,3,0
16593.0,8,1071.14,50,0
16594.0,1,181.09,74,0
16595.0,5,1810.18,60,0
16596.0,4,579.63,15,0
16597.0,1,90.04,3,0
16598.0,1,145.05,285,0
16599.0,1,172.8,385,1
16600.0,13,2153.41,3,0
16601.0,3,684.25,40,0
16602.0,2,763.33,35,0
16603.0,2,482.47,74,0
16604.0,2,432.45,562,1
16605.0,1,60.48,723,1
16606.0,2,357.66,403,1
16607.0,25,5706.87,17,0
16608.0,2,1288.72,453,1
16609.0,7,5493.46,14,0
16610.0,1,75.66,218,0
16611.0,6,1785.13,185,0
16612.0,9,3245.43,32,0
16613.0,1,618.59,69,0
16614.0,3,1179.79,182,0
16615.0,1,291.5,625,1
16616.0,2,500.42,14,0
16617.0,1,151.85,235,0
16618.0,5,2647.59,30,0
16619.0,4,1938.33,263,0
16620.0,6,1758.93,3,0
16621.0,4,813.48,51,0
16622.0,1,225.4,543,1
16623.0,4,1015.24,245,0
16624.0,2,810.57,80,0
16625.0,5,1654.03,274,0
16626.0,17,4413.1,0,0
16627.0,1,322.8,78,0
16628.0,7,2318.1,29,0
16629.0,2,417.73,73,0
16630.0,1,106.8,406,1
16631.0,7,1892.52,481,1
16632.0,2,406.4,485,1
16633.0,6,2883.1,16,0
16634.0,6,1814.61,222,0
16635.0,1,473.0,406,1
16636.0,4,3802.04,437,1
16637.0,4,1154.47,31,0
16638.0,15,2430.53,22,0
16639.0,4,1747.98,30,0
16640.0,1,179.4,397,1
16641.0,2,554.5,105,0
16642.0,3,1077.45,4,0
16643.0,2,923.11,245,0
16644.0,2,833.78,177,0
16645.0,1,160.39,735,1
16646.0,1,678.8,448,1
16647.0,4,541.9,169,0
16648.0,3,672.8,42,0
16649.0,1,306.58,519,1
16650.0,7,1916.11,71,0
16651.0,1,136.2,586,1
16652.0,16,17550.39,58,0
16653.0,2,1212.66,15,0
16654.0,8,1711.47,140,0
16655.0,13,6548.37,17,0
16656.0,30,16833.17,21,0
16657.0,4,933.62,9,0
16658.0,6,814.07,367,1
16659.0,1,39.12,188,0
16660.0,7,1879.55,15,0
16661.0,4,986.63,539,1
16662.0,1,163.8,393,1
16663.0,1,165.0,728,1
16664.0,1,109.2,568,1
16665.0,1,135.4,361,0
16666.0,2,225.94,18,0
16667.0,2,570.13,67,0
16668.0,13,862.42,14,0
16669.0,3,1374.87,23,0
16670.0,20,8030.15,16,0
16671.0,3,1692.27,27,0
16672.0,20,8134.94,1,0
16673.0,1,188.83,678,1
16674.0,2,319.61,54,0
16675.0,2,608.86,441,1
16676.0,6,2361.9,33,0
16677.0,2,880.62,410,1
16678.0,12,3109.99,2,0
16679.0,3,793.06,365,0
16680.0,3,821.45,42,0
16681.0,7,1921.84,72,0
16682.0,5,1028.0,4,0
16683.0,1,320.25,533,1
16684.0,55,147142.77,3,0
16685.0,2,324.24,60,0
16686.0,16,5070.92,46,0
16687.0,1,157.63,390,1
16688.0,4,1260.86,0,0
16689.0,2,422.6,75,0
16690.0,4,353.03,71,0
16691.0,2,178.83,417,1
16692.0,4,1914.7,255,0
16693.0,5,1199.46,68,0
16694.0,1,98.3,722,1
16695.0,2,193.15,561,1
16696.0,4,657.9,134,0
16697.0,1,112.75,240,0
16698.0,2,1998.0,226,0
16699.0,7,994.6,379,1
16700.0,25,9167.71,8,0
16701.0,26,9916.73,8,0
16702.0,4,1110.83,414,1
16704.0,2,695.66,617,1
16705.0,42,43515.05,0,0
16706.0,3,531.35,36,0
16707.0,4,551.11,399,1
16708.0,1,656.63,45,0
16709.0,14,9087.46,84,0
16710.0,22,6349.09,18,0
16711.0,9,2868.48,2,0
16712.0,13,4266.99,8,0
16713.0,32,14560.69,18,0
16714.0,4,1529.8,218,0
16715.0,2,625.52,77,0
16716.0,3,2149.68,266,0
16717.0,14,6986.23,23,0
16718.0,5,3647.53,368,1
16719.0,14,3973.3,14,0
16720.0,3,795.48,25,0
16721.0,1,292.47,261,0
16722.0,22,8989.08,16,0
16723.0,4,1301.63,90,0
16724.0,1,147.35,404,1
16725.0,14,1882.11,301,0
16726.0,7,2088.41,25,0
16727.0,4,1437.42,363,0
16728.0,4,1054.67,45,0
16729.0,21,7239.92,37,0
16730.0,3,743.11,51,0
16731.0,1,174.05,647,1
16732.0,4,4387.64,31,0
16733.0,1,259.68,529,1
16734.0,3,650.51,51,0
16735.0,14,6270.56,78,0
16736.0,5,2956.56,505,1
16737.0,2,835.2,52,0
16738.0,1,3.75,297,0
16739.0,2,786.43,176,0
16740.0,1,236.81,394,1
16741.0,1,173.06,624,1
16742.0,14,2852.61,46,0
16743.0,14,4253.26,28,0
16744.0,7,1304.76,10,0
16745.0,17,7194.3,86,0
16746.0,42,18066.4,4,0
16747.0,2,836.06,37,0
16748.0,14,3637.33,17,0
16749.0,2,4387.08,590,1
16750.0,5,623.93,44,0
16751.0,1,1764.72,30,0
16752.0,1,415.0,372,1
16753.0,1,223.92,57,0
16754.0,29,67502.47,371,1
16755.0,7,2900.58,113,0
16756.0,7,1312.37,214,0
16757.0,2,270.48,318,0
16758.0,1,369.34,64,0
16759.0,3,789.79,7,0
16760.0,1,228.0,429,1
16761.0,1,316.62,96,0
16762.0,3,1501.38,19,0
16763.0,2,964.7,198,0
16764.0,13,2799.25,3,0
16765.0,2,454.75,293,0
16766.0,2,1145.6,272,0
16767.0,15,8073.8,30,0
16768.0,9,1708.12,47,0
16769.0,4,1141.75,259,0
16770.0,9,1932.13,57,0
16771.0,10,3967.6,32,0
16772.0,3,3723.55,422,1
16773.0,3,421.24,56,0
16774.0,8,1594.45,67,0
16775.0,16,3056.89,9,0
16776.0,2,619.85,59,0
16777.0,5,1307.76,79,0
16778.0,2,245.94,73,0
16779.0,53,33268.24,1,0
16780.0,3,605.55,99,0
16781.0,2,934.25,371,1
16782.0,38,10438.41,9,0
16783.0,1,391.95,436,1
16784.0,5,896.53,19,0
16785.0,1,533.78,409,1
16786.0,1,51.84,393,1
16787.0,4,1035.43,397,1
16788.0,5,1950.3,122,0
16789.0,1,80.8,7,0
16790.0,6,1545.62,3,0
16791.0,15,4038.69,28,0
16792.0,5,623.46,281,0
16793.0,1,243.84,56,0
16794.0,15,2090.91,0,0
16795.0,3,2492.39,364,0
16796.0,1,305.62,88,0
16797.0,5,1827.77,392,1
16798.0,3,848.71,553,1
16799.0,2,495.98,431,1
16800.0,1,1201.49,10,0
16801.0,4,1619.73,162,0
16802.0,2,582.61,678,1
16803.0,1,332.3,64,0
16804.0,3,536.99,22,0
16805.0,5,1097.24,173,0
16806.0,4,801.49,102,0
16807.0,6,2123.88,142,0
16808.0,2,288.42,98,0
16809.0,9,1727.43,22,0
16810.0,2,842.04,191,0
16811.0,2,547.07,4,0
16812.0,4,2392.0,360,0
16813.0,10,1692.98,7,0
16814.0,36,12499.71,13,0
16815.0,2,410.97,453,1
16816.0,4,417.06,102,0
16817.0,13,2804.9,2,0
16818.0,11,3349.57,10,0
16819.0,2,182.59,464,1
16820.0,1,497.61,95,0
16821.0,1,113.35,381,1
16822.0,1,181.39,685,1
16823.0,7,2260.09,226,0
16824.0,3,686.24,15,0
16825.0,5,1826.89,38,0
16826.0,1,341.7,50,0
16827.0,5,392.13,392,1
16828.0,2,128.5,92,0
16829.0,2,513.32,156,0
16830.0,4,1207.5,38,0
16831.0,1,91.8,564,1
16832.0,5,417.61,183,0
16833.0,6,2409.04,0,0
16834.0,2,898.96,227,0
16835.0,6,1538.41,127,0
16836.0,4,782.37,39,0
16837.0,11,3170.98,30,0
16838.0,4,1159.61,196,0
16839.0,44,22310.49,8,0
16840.0,2,139.85,602,1
16841.0,12,4006.06,36,0
16842.0,3,1264.19,100,0
16843.0,35,19571.43,42,0
16844.0,2,614.34,562,1
16845.0,1,253.88,617,1
16846.0,3,842.41,49,0
16847.0,2,614.89,42,0
16848.0,4,1411.62,52,0
16849.0,1,124.57,186,0
16850.0,1,332.41,333,0
16851.0,3,342.45,3,0
16852.0,2,144.91,9,0
16854.0,2,1408.96,416,1
16855.0,2,328.4,23,0
16856.0,3,358.49,14,0
16857.0,1,352.8,442,1
16858.0,10,4668.28,368,1
16859.0,7,1932.41,144,0
16860.0,3,1610.62,452,1
16861.0,5,946.59,59,0
16862.0,4,662.33,546,1
16863.0,3,998.52,30,0
16864.0,2,409.25,433,1
16865.0,1,130.95,401,1
16866.0,3,207.74,140,0
16867.0,1,76.74,689,1
16868.0,3,393.39,393,1
16869.0,4,825.42,22,0
16870.0,1,450.16,468,1
16871.0,6,2812.34,21,0
16872.0,6,1213.13,76,0
16873.0,12,14617.39,4,0
16874.0,1,217.74,378,1
16875.0,11,4234.53,66,0
16876.0,1,136.01,403,1
16877.0,6,853.72,11,0
16878.0,1,13.3,83,0
16880.0,8,1840.86,30,0
16881.0,1,432.0,66,0
16882.0,3,705.12,66,0
16883.0,19,2396.59,186,0
16884.0,4,1073.92,37,0
16885.0,4,710.74,14,0
16886.0,1,134.0,455,1
16887.0,3,660.72,34,0
16888.0,3,437.15,400,1
16889.0,6,2530.9,194,0
16890.0,3,285.41,476,1
16891.0,11,2056.82,1,0
16892.0,7,762.1,0,0
16893.0,2,401.77,366,1
16894.0,3,1324.06,501,1
16895.0,5,1121.42,64,0
16896.0,1,103.95,554,1
16897.0,2,289.78,298,0
16898.0,5,1016.37,25,0
16899.0,8,1721.02,7,0
16900.0,3,887.11,16,0
16901.0,1,204.26,728,1
16902.0,1,1706.88,115,0
16903.0,3,1062.28,28,0
16904.0,21,5132.37,3,0
16905.0,17,5034.15,4,0
16906.0,7,1448.8,81,0
16907.0,9,1707.9,28,0
16908.0,1,252.59,721,1
16909.0,1,379.14,71,0
16910.0,8,1510.06,3,0
16911.0,2,255.25,635,1
16912.0,15,4480.31,28,0
16913.0,3,423.91,289,0
16914.0,1,208.46,35,0
16915.0,11,1543.18,8,0
16916.0,4,1123.4,23,0
16917.0,2,1857.83,276,0
16918.0,16,3213.29,49,0
16919.0,24,5125.91,155,0
16920.0,1,355.45,410,1
16921.0,3,446.67,60,0
16922.0,1,611.08,572,1
16923.0,32,13378.36,11,0
16924.0,3,846.75,20,0
16925.0,1,125.65,539,1
16926.0,5,1421.35,370,1
16927.0,3,543.05,115,0
16928.0,29,4113.23,79,0
16929.0,7,1295.39,3,0
16930.0,3,380.55,25,0
16931.0,23,5233.62,4,0
16932.0,3,440.71,52,0
16933.0,9,3181.25,0,0
16934.0,6,2110.99,54,0
16935.0,3,535.1,381,1
16936.0,2,551.17,25,0
16937.0,1,202.1,498,1
16938.0,9,7043.18,8,0
16939.0,3,449.0,488,1
16940.0,8,6427.66,51,0
16941.0,1,33.0,611,1
16942.0,9,1920.59,12,0
16943.0,5,1299.49,211,0
16944.0,1,101.36,609,1
16945.0,33,8548.16,21,0
16946.0,5,1222.04,382,1
16947.0,5,955.21,235,0
16948.0,7,868.77,138,0
16949.0,6,1286.27,3,0
16950.0,10,3784.37,56,0
16951.0,3,1277.75,134,0
16952.0,5,798.78,108,0
16953.0,1,20.8,29,0
16954.0,20,6081.88,0,0
16955.0,6,1309.41,184,0
16956.0,1,308.74,17,0
16957.0,2,416.64,238,0
16958.0,1,809.44,434,1
16959.0,1,117.35,86,0
16960.0,8,2043.43,38,0
16961.0,3,794.56,115,0
16962.0,1,251.04,409,1
16963.0,1,110.55,186,0
16964.0,2,207.85,732,1
16965.0,1,201.19,226,0
16966.0,7,2154.97,7,0
16967.0,1,319.02,188,0
16968.0,2,439.43,3,0
16969.0,3,650.41,38,0
16970.0,1,71.4,625,1
16971.0,1,357.21,37,0
16972.0,2,786.25,382,1
16973.0,1,127.0,385,1
16974.0,2,365.5,522,1
16975.0,3,926.12,422,1
16976.0,1,251.52,266,0
16977.0,4,496.0,394,1
16978.0,3,768.88,77,0
16979.0,9,2859.74,3,0
16980.0,3,1473.33,254,0
16982.0,1,384.06,60,0
16983.0,11,3710.22,12,0
16984.0,9,10754.8,87,0
16985.0,23,10923.16,16,0
16986.0,11,4888.75,29,0
16987.0,11,2535.9,2,0
16988.0,2,382.67,4,0
16989.0,6,1133.25,6,0
16990.0,2,344.0,218,0
16991.0,1,1041.21,420,1
16992.0,13,5476.5,10,0
16993.0,2,1950.95,463,1
16996.0,9,2123.61,29,0
16997.0,3,702.0,287,0
16998.0,5,402.0,149,0
16999.0,2,484.82,22,0
17000.0,2,406.3,395,1
17001.0,19,6640.8,0,0
17002.0,7,2571.55,85,0
17003.0,4,830.16,401,1
17004.0,4,2425.16,45,0
17005.0,2,742.36,470,1
17006.0,8,1636.32,4,0
17007.0,7,1120.1,50,0
17008.0,1,81.36,428,1
17009.0,1,242.06,550,1
17010.0,1,195.36,17,0
17011.0,3,671.7,29,0
17012.0,1,384.16,724,1
17014.0,3,586.33,7,0
17015.0,3,1842.56,28,0
17016.0,1,552.4,576,1
17017.0,29,14110.61,2,0
17018.0,6,2287.7,40,0
17019.0,11,4012.2,10,0
17020.0,2,935.62,541,1
17021.0,6,1182.22,441,1
17022.0,2,260.0,30,0
17023.0,3,800.18,416,1
17024.0,3,95.85,44,0
17025.0,5,1510.64,60,0
17026.0,3,208.98,184,0
17027.0,9,1327.11,78,0
17028.0,3,1593.83,580,1
17029.0,7,2137.3,110,0
17030.0,1,146.87,63,0
17031.0,6,2773.85,11,0
17032.0,8,3004.6,547,1
17033.0,4,1332.79,85,0
17034.0,5,1283.92,15,0
17035.0,4,613.59,245,0
17036.0,1,176.9,382,1
17037.0,1,1267.32,87,0
17038.0,2,743.17,29,0
17039.0,1,1954.99,603,1
17040.0,2,463.25,137,0
17041.0,6,1686.28,26,0
17042.0,5,1044.38,2,0
17043.0,8,2616.55,31,0
17044.0,12,11962.3,24,0
17045.0,5,827.68,112,0
17046.0,5,1906.07,156,0
17047.0,6,2289.23,84,0
17048.0,7,2071.68,117,0
17049.0,19,9947.48,2,0
17050.0,11,4691.79,95,0
17051.0,4,714.39,193,0
17052.0,1,413.75,27,0
17053.0,1,498.48,130,0
17054.0,5,1356.33,27,0
17055.0,1,239.55,445,1
17056.0,1,128.6,737,1
17057.0,1,294.74,595,1
17058.0,3,1179.89,81,0
17059.0,9,5602.53,29,0
17060.0,1,234.24,265,0
17061.0,11,5232.23,73,0
17062.0,6,1208.22,313,0
17063.0,13,3638.53,20,0
17064.0,3,859.35,58,0
17065.0,2,194.7,637,1
17066.0,1,228.34,725,1
17067.0,3,454.54,724,1
17068.0,47,9161.08,11,0
17069.0,14,5794.28,27,0
17070.0,2,445.32,113,0
17071.0,13,3801.2,27,0
17072.0,1,282.05,624,1
17073.0,4,1446.09,17,0
17074.0,1,203.05,562,1
17075.0,10,2241.73,17,0
17076.0,6,1242.75,35,0
17077.0,1,306.0,577,1
17078.0,2,378.2,35,0
17079.0,1,118.8,77,0
17080.0,7,957.53,21,0
17081.0,6,964.39,24,0
17082.0,6,4732.03,32,0
17083.0,9,4049.79,108,0
17084.0,3,5202.97,34,0
17085.0,28,7891.41,122,0
17086.0,6,2050.08,6,0
17087.0,1,221.53,737,1
17088.0,4,1991.01,27,0
17089.0,1,128.45,385,1
17090.0,13,3149.48,3,0
17091.0,19,7811.1,2,0
17092.0,11,5594.96,49,0
17093.0,1,235.88,592,1
17094.0,2,402.2,321,0
17095.0,7,2572.25,22,0
17096.0,11,3759.18,14,0
17097.0,9,1340.45,1,0
17098.0,3,591.07,381,1
17099.0,1,582.17,532,1
17100.0,2,971.74,17,0
17101.0,7,2507.05,9,0
17102.0,1,25.5,261,0
17103.0,1,424.3,721,1
17104.0,1,474.03,423,1
17105.0,2,665.78,158,0
17106.0,1,491.23,388,1
17107.0,10,16075.42,32,0
17108.0,1,174.95,663,1
17109.0,8,1295.46,28,0
17110.0,3,510.7,164,0
17111.0,2,476.58,46,0
17112.0,1,205.17,502,1
17113.0,6,2322.59,573,1
17114.0,8,808.62,5,0
17115.0,7,2761.49,7,0
17116.0,1,389.78,647,1
17117.0,1,116.2,287,0
17118.0,1,157.02,317,0
17119.0,2,606.91,2,0
17120.0,1,307.46,232,0
17121.0,1,314.74,402,1
17122.0,4,570.5,118,0
17123.0,3,977.17,161,0
17124.0,1,298.89,184,0
17125.0,1,259.35,49,0
17126.0,9,2070.44,151,0
17127.0,5,1155.03,428,1
17128.0,1,157.09,334,0
17129.0,1,31.85,519,1
17131.0,5,2463.17,4,0
17132.0,2,1272.8,451,1
17133.0,12,14622.33,15,0
17134.0,3,637.1,106,0
17135.0,10,1954.16,15,0
17136.0,1,231.68,661,1
17137.0,6,1133.63,415,1
17138.0,7,4417.27,275,0
17139.0,25,19584.46,15,0
17140.0,1,465.32,246,0
17141.0,4,754.33,417,1
17142.0,4,1283.75,238,0
17143.0,2,924.11,416,1
17144.0,2,984.57,0,0
17145.0,4,3120.91,512,1
17146.0,13,5860.24,105,0
17147.0,9,3199.95,22,0
17148.0,1,124.88,51,0
17149.0,1,143.1,450,1
17150.0,6,1375.65,376,1
17151.0,1,231.9,734,1
17152.0,4,2016.5,194,0
17153.0,1,213.78,23,0
17154.0,1,329.34,74,0
17155.0,7,892.46,17,0
17156.0,1,591.87,491,1
17157.0,19,5151.9,7,0
17158.0,5,1980.0,31,0
17159.0,5,2099.59,21,0
17160.0,17,10209.16,30,0
17161.0,1,856.01,443,1
17162.0,10,1715.46,28,0
17163.0,4,699.78,21,0
17164.0,7,2467.35,32,0
17165.0,6,1794.32,283,0
17166.0,2,206.34,38,0
17167.0,3,867.11,379,1
17168.0,1,400.2,498,1
17169.0,3,1156.73,57,0
17170.0,2,178.68,373,1
17171.0,2,384.59,288,0
17172.0,3,956.57,78,0
17173.0,8,3766.6,4,0
17174.0,1,59.9,217,0
17175.0,4,1443.69,43,0
17176.0,3,902.32,201,0
17177.0,1,119.5,504,1
17178.0,1,436.71,730,1
17179.0,6,1507.26,177,0
17180.0,11,2256.98,55,0
17181.0,3,465.37,56,0
17182.0,2,321.3,422,1
17183.0,6,3347.31,7,0
17184.0,2,198.41,568,1
17185.0,3,229.46,591,1
17186.0,2,144.0,46,0
17187.0,2,467.71,226,0
17188.0,13,4592.93,10,0
17189.0,5,957.63,105,0
17190.0,7,1743.04,58,0
17191.0,15,4836.05,27,0
17192.0,1,77.83,535,1
17193.0,9,2310.04,35,0
17194.0,3,812.5,273,0
17195.0,1,562.98,654,1
17196.0,1,352.9,427,1
17197.0,1,1013.01,29,0
17198.0,3,1213.88,23,0
17199.0,1,145.12,581,1
17200.0,4,356.71,386,1
17201.0,4,1242.04,53,0
17202.0,1,160.65,420,1
17203.0,10,5575.88,35,0
17204.0,9,5504.69,174,0
17205.0,3,999.35,53,0
17206.0,1,204.24,52,0
17207.0,1,303.22,651,1
17208.0,1,115.35,395,1
17209.0,3,611.6,648,1
17210.0,1,253.37,392,1
17211.0,13,4046.65,26,0
17212.0,3,794.41,252,0
17213.0,13,5182.3,39,0
17214.0,6,1069.12,59,0
17215.0,1,186.15,463,1
17216.0,1,65.05,553,1
17217.0,2,218.0,233,0
17218.0,18,4192.68,3,0
17219.0,2,259.13,31,0
17220.0,21,4481.75,23,0
17221.0,5,978.52,6,0
17222.0,6,1605.01,64,0
17223.0,3,873.53,309,0
17224.0,1,100.86,500,1
17225.0,1,131.15,581,1
17226.0,3,900.12,308,0
17227.0,12,2022.03,18,0
17228.0,13,3177.24,15,0
17229.0,2,318.76,95,0
17230.0,18,9924.95,263,0
17231.0,25,7197.04,11,0
17232.0,2,421.52,2,0
17233.0,3,560.86,34,0
17234.0,1,149.89,182,0
17235.0,8,1904.88,24,0
17236.0,12,1929.26,12,0
17237.0,4,1002.08,10,0
17238.0,32,7783.1,2,0
17239.0,4,1189.45,312,0
17240.0,1,130.6,595,1
17241.0,12,2744.14,384,1
17242.0,5,2889.28,107,0
17243.0,69,20889.86,0,0
17244.0,5,1826.04,52,0
17245.0,2,371.63,204,0
17246.0,2,38.92,546,1
17247.0,1,282.19,14,0
17248.0,2,546.16,119,0
17249.0,1,68.03,428,1
17250.0,2,384.52,3,0
17251.0,3,812.43,362,0
17252.0,2,353.86,116,0
17253.0,1,178.26,17,0
17254.0,3,470.73,4,0
17255.0,4,799.13,40,0
17256.0,5,498.93,106,0
17257.0,2,192.73,435,1
17258.0,2,417.3,396,1
17259.0,6,1889.34,147,0
17260.0,1,120.95,410,1
17261.0,1,230.44,509,1
17262.0,11,2757.62,51,0
17263.0,1,63.44,207,0
17264.0,1,279.59,423,1
17265.0,2,562.9,138,0
17266.0,5,517.73,1,0
17267.0,2,317.62,126,0
17268.0,11,1733.89,107,0
17269.0,1,537.46,385,1
17270.0,2,604.4,468,1
17271.0,1,210.39,735,1
17272.0,4,2148.63,41,0
17273.0,1,141.12,423,1
17274.0,2,577.38,34,0
17275.0,1,114.52,382,1
17276.0,1,508.39,401,1
17277.0,2,1065.35,227,0
17278.0,2,271.24,240,0
17279.0,1,187.83,57,0
17280.0,1,118.86,437,1
17281.0,6,797.85,373,1
17282.0,5,2339.66,129,0
17283.0,1,188.46,378,1
17284.0,8,2793.16,59,0
17285.0,2,428.34,627,1
17286.0,3,395.48,21,0
17287.0,21,4111.96,25,0
17288.0,11,2499.98,8,0
17289.0,9,2079.39,31,0
17290.0,8,1501.44,3,0
17291.0,1,550.8,307,0
17292.0,2,271.75,471,1
17293.0,17,3774.23,7,0
17294.0,2,467.79,668,1
17295.0,3,556.95,28,0
17296.0,1,338.13,729,1
17297.0,1,131.78,16,0
17298.0,5,957.56,100,0
17299.0,6,1016.08,11,0
17300.0,2,393.64,390,1
17301.0,2,330.43,20,0
17302.0,5,1135.63,14,0
17303.0,1,250.04,360,0
17304.0,1,111.5,533,1
17305.0,1,2135.46,648,1
17306.0,21,9782.35,10,0
17307.0,11,3999.89,394,1
17308.0,2,4511.76,392,1
17309.0,3,330.59,94,0
17310.0,2,1025.1,386,1
17311.0,6,3566.56,77,0
17312.0,3,644.3,138,0
17313.0,1,2328.84,30,0
17314.0,17,4904.43,24,0
17315.0,43,9650.6,1,0
17316.0,1,124.45,419,1
17317.0,3,2600.34,45,0
17318.0,1,164.28,724,1
17319.0,1,29.1,668,1
17320.0,6,2895.77,99,0
17321.0,6,1741.18,7,0
17322.0,5,922.59,375,1
17323.0,12,1565.59,14,0
17324.0,12,2301.87,17,0
17325.0,3,609.57,279,0
17326.0,2,321.95,407,1
17327.0,2,152.35,409,1
17328.0,1,104.7,672,1
17329.0,5,1004.43,13,0
17330.0,4,423.8,22,0
17331.0,1,175.2,123,0
17332.0,5,838.27,527,1
17333.0,1,494.25,85,0
17334.0,3,635.15,301,0
17335.0,2,508.0,383,1
17336.0,1,81.12,471,1
17337.0,4,2027.87,150,0
17338.0,17,12142.57,16,0
17339.0,3,362.36,93,0
17340.0,18,22404.82,29,0
17341.0,5,1889.83,156,0
17342.0,4,1227.54,379,1
17343.0,6,1259.94,354,0
17344.0,2,468.11,45,0
17345.0,10,1604.68,14,0
17346.0,26,5323.0,3,0
17347.0,1,228.96,85,0
17348.0,9,2476.41,14,0
17349.0,5,852.25,178,0
17350.0,7,1906.04,7,0
17351.0,12,1988.23,35,0
17352.0,1,36.25,695,1
17353.0,4,3242.0,128,0
17354.0,4,3143.46,50,0
17355.0,1,285.11,385,1
17356.0,5,946.47,311,0
17357.0,2,388.14,23,0
17358.0,5,866.05,302,0
17359.0,2,284.46,10,0
17360.0,6,1231.38,16,0
17361.0,5,880.64,48,0
17362.0,7,1024.04,238,0
17363.0,3,940.86,394,1
17364.0,28,12070.42,0,0
17365.0,15,8224.98,12,0
17366.0,2,1096.24,431,1
17367.0,1,168.4,237,0
17368.0,14,2826.14,22,0
17369.0,1,979.2,455,1
17370.0,4,446.18,72,0
17371.0,6,662.55,16,0
17372.0,28,4377.56,40,0
17373.0,7,1167.5,39,0
17374.0,3,727.11,218,0
17375.0,4,660.55,198,0
17376.0,4,453.64,70,0
17377.0,78,18319.41,23,0
17378.0,1,10.95,373,1
17379.0,1,404.66,10,0
17380.0,3,645.0,433,1
17381.0,38,40002.37,8,0
17382.0,8,902.28,64,0
17383.0,2,309.99,3,0
17384.0,3,507.55,18,0
17385.0,1,261.11,14,0
17386.0,7,2812.77,7,0
17387.0,2,784.11,19,0
17388.0,11,2691.57,77,0
17389.0,61,57224.68,0,0
17390.0,1,149.3,420,1
17391.0,2,508.8,163,0
17392.0,3,626.56,306,0
17393.0,2,381.15,410,1
17394.0,1,203.87,218,0
17395.0,1,97.5,507,1
17396.0,14,8807.1,38,0
17397.0,3,1233.18,21,0
17398.0,3,653.38,114,0
17400.0,8,4677.05,125,0
17401.0,1,114.85,540,1
17402.0,23,5096.18,4,0
17403.0,2,400.57,35,0
17404.0,23,47781.12,3,0
17405.0,3,1031.41,0,0
17406.0,13,4905.05,332,0
17407.0,1,552.9,411,1
17408.0,3,316.09,162,0
17409.0,10,7793.51,184,0
17410.0,5,1214.72,15,0
17411.0,5,1425.38,11,0
17412.0,16,4417.52,2,0
17413.0,2,560.14,404,1
17414.0,6,2249.52,43,0
17415.0,1,507.84,79,0
17416.0,22,17298.45,29,0
17417.0,1,164.18,548,1
17418.0,3,670.06,41,0
17419.0,18,6500.52,10,0
17420.0,6,1084.43,49,0
17421.0,3,1059.41,385,1
17422.0,11,3594.76,15,0
17423.0,3,1118.95,45,0
17425.0,2,759.17,18,0
17426.0,13,8077.77,7,0
17427.0,1,100.8,71,0
17428.0,45,31819.76,0,0
17429.0,5,1357.46,127,0
17430.0,4,735.17,32,0
17431.0,1,403.3,312,0
17432.0,9,1751.39,17,0
17433.0,2,569.96,87,0
17434.0,7,2373.82,1,0
17435.0,1,331.35,410,1
17436.0,5,534.06,1,0
17437.0,1,373.17,529,1
17438.0,5,1422.77,253,0
17439.0,1,325.74,655,1
17440.0,4,323.58,156,0
17441.0,1,293.35,731,1
17442.0,15,4620.3,36,0
17443.0,1,534.24,219,0
17444.0,3,2940.04,147,0
17446.0,2,120.9,176,0
17447.0,2,541.53,39,0
17448.0,46,14556.97,496,1
17449.0,13,4951.15,1,0
17450.0,51,246973.09,7,0
17451.0,7,1721.4,0,0
17453.0,2,486.72,17,0
17454.0,10,1547.94,191,0
17455.0,1,131.7,203,0
17456.0,2,1225.42,364,0
17457.0,14,5984.81,126,0
17458.0,2,529.58,14,0
17459.0,2,657.3,42,0
17460.0,16,2228.27,93,0
17461.0,3,757.46,22,0
17462.0,2,675.69,59,0
17463.0,7,2557.91,15,0
17464.0,3,1000.94,157,0
17465.0,7,2542.79,425,1
17466.0,2,763.28,9,0
17467.0,1,102.6,394,1
17468.0,3,194.8,9,0
17469.0,17,5051.25,15,0
17470.0,11,2804.87,44,0
17471.0,1,321.65,474,1
17472.0,4,935.1,190,0
17473.0,2,607.0,408,1
17474.0,1,1047.0,599,1
17475.0,1,194.37,78,0
17476.0,2,489.86,395,1
17477.0,2,1144.3,612,1
17478.0,2,1272.8,407,1
17479.0,1,389.26,632,1
17480.0,2,902.03,77,0
17481.0,4,1255.59,3,0
17482.0,2,778.19,486,1
17483.0,4,591.73,64,0
17484.0,2,209.57,575,1
17486.0,1,396.87,260,0
17487.0,1,160.55,727,1
17488.0,1,336.5,640,1
17489.0,2,376.64,58,0
17490.0,9,2750.5,0,0
17491.0,17,5981.07,0,0
17492.0,3,1122.42,247,0
17493.0,1,100.91,384,1
17494.0,1,54.7,501,1
17495.0,3,806.72,7,0
17496.0,4,1412.89,358,0
17497.0,2,287.25,389,1
17498.0,1,272.22,75,0
17499.0,2,1341.39,289,0
17500.0,3,1138.0,16,0
17501.0,2,288.6,220,0
17502.0,4,689.1,8,0
17503.0,2,558.96,2,0
17504.0,18,9565.12,205,0
17505.0,5,2435.48,161,0
17506.0,1,302.2,75,0
17507.0,2,605.58,261,0
17508.0,8,4579.23,280,0
17509.0,8,6115.14,57,0
17510.0,2,514.56,24,0
17511.0,60,175603.55,2,0
17512.0,18,5467.82,28,0
17513.0,3,1158.8,71,0
17514.0,2,542.83,127,0
17515.0,9,1617.46,30,0
17516.0,6,957.55,14,0
17517.0,1,153.94,308,0
17518.0,2,329.42,425,1
17519.0,15,5109.47,16,0
17520.0,1,546.81,53,0
17521.0,5,1278.06,29,0
17522.0,5,1070.71,1,0
17523.0,4,652.74,10,0
17524.0,3,539.14,360,0
17525.0,3,1161.9,359,0
17526.0,12,4166.04,4,0
17527.0,4,939.37,53,0
17528.0,8,3628.5,0,0
17529.0,2,1240.25,609,1
17530.0,12,3141.51,0,0
17531.0,3,1266.82,189,0
17532.0,1,65.34,385,1
17533.0,1,34.8,434,1
17534.0,5,1668.83,53,0
17535.0,1,164.4,279,0
17536.0,3,364.83,176,0
17537.0,2,897.62,29,0
17538.0,1,98.42,25,0
17539.0,4,1226.57,617,1
17540.0,6,1590.6,24,0
17541.0,1,124.46,509,1
17542.0,3,341.7,269,0
17543.0,1,120.05,549,1
17544.0,3,960.69,389,1
17545.0,6,1448.54,42,0
17547.0,2,727.85,375,1
17548.0,4,731.26,233,0
17549.0,2,148.86,23,0
17550.0,9,2547.64,196,0
17551.0,1,306.84,358,0
17552.0,12,3085.29,59,0
17553.0,4,3757.6,129,0
17554.0,5,1952.45,0,0
17555.0,5,1057.74,19,0
17556.0,2,300.67,205,0
17557.0,4,575.46,13,0
17558.0,1,259.17,392,1
17559.0,1,167.62,512,1
17560.0,8,1895.8,94,0
17561.0,4,722.34,18,0
17562.0,7,1122.38,13,0
17563.0,2,392.38,577,1
17564.0,3,454.01,23,0
17565.0,1,131.83,586,1
17566.0,2,901.21,7,0
17567.0,9,5356.03,6,0
17568.0,1,382.79,632,1
17569.0,1,344.14,331,0
17570.0,1,100.0,381,1
17571.0,5,1703.75,49,0
17572.0,10,723.01,70,0
17573.0,3,380.6,28,0
17574.0,1,185.65,242,0
17575.0,1,171.7,666,1
17576.0,41,9056.81,7,0
17577.0,2,348.75,644,1
17578.0,7,1047.33,217,0
17579.0,4,753.28,4,0
17580.0,5,545.27,252,0
17581.0,43,18757.75,0,0
17582.0,5,1450.7,235,0
17583.0,1,135.95,559,1
17584.0,6,5309.42,6,0
17585.0,7,2093.3,108,0
17586.0,1,167.4,618,1
17587.0,1,181.66,627,1
17588.0,7,2939.55,99,0
17589.0,18,14049.87,59,0
17590.0,3,1479.22,1,0
17591.0,8,2776.67,72,0
17592.0,1,148.3,738,1
17593.0,11,8095.8,3,0
17594.0,4,2497.88,84,0
17595.0,2,388.79,11,0
17596.0,13,4920.67,22,0
17597.0,5,3484.09,213,0
17598.0,1,409.98,380,1
17599.0,1,52.05,477,1
17600.0,1,161.67,17,0
17601.0,2,421.48,238,0
17602.0,14,7451.13,1,0
17603.0,4,1793.48,77,0
17604.0,6,945.93,216,0
17605.0,1,160.75,589,1
17606.0,1,87.3,736,1
17607.0,1,333.81,375,1
17608.0,4,498.53,32,0
17609.0,11,1894.34,40,0
17610.0,5,1529.49,539,1
17611.0,28,8371.98,6,0
17612.0,18,5394.86,52,0
17613.0,14,4559.15,22,0
17614.0,1,390.07,56,0
17615.0,6,733.2,129,0
17616.0,4,1060.8,173,0
17617.0,1,395.33,558,1
17618.0,11,4073.24,5,0
17619.0,1,218.52,311,0
17620.0,1,81.44,59,0
17621.0,6,3175.12,20,0
17622.0,2,1130.21,597,1
17623.0,7,2383.67,32,0
17624.0,4,1568.63,14,0
17625.0,8,6067.8,17,0
17626.0,1,254.0,602,1
17627.0,1,296.36,478,1
17628.0,1,75.75,80,0
17629.0,10,2455.52,5,0
17630.0,2,503.6,169,0
17631.0,7,998.49,1,0
17633.0,7,2057.39,30,0
17634.0,9,2361.97,35,0
17635.0,3,1265.58,423,1
17636.0,1,285.56,18,0
17637.0,2,547.06,30,0
17638.0,2,842.4,646,1
17639.0,6,615.17,275,0
17640.0,6,3168.94,86,0
17642.0,5,1824.49,119,0
17643.0,2,541.25,372,1
17644.0,20,6028.6,0,0
17646.0,12,4149.79,218,0
17647.0,3,331.66,64,0
17648.0,5,2216.37,60,0
17649.0,3,1578.89,137,0
17650.0,1,166.08,20,0
17651.0,16,5703.52,11,0
17652.0,12,4867.72,24,0
17653.0,4,1207.56,36,0
17654.0,1,117.55,276,0
17655.0,9,3652.48,10,0
17656.0,5,1674.69,72,0
17657.0,1,126.0,429,1
17658.0,2,595.42,25,0
17659.0,14,3834.79,16,0
17660.0,2,359.47,140,0
17662.0,2,412.92,661,1
17663.0,17,5175.83,25,0
17664.0,4,1166.23,18,0
17665.0,1,563.1,492,1
17666.0,5,2047.8,3,0
17667.0,9,3950.7,65,0
17668.0,2,347.75,0,0
17669.0,10,6142.35,42,0
17670.0,1,205.7,227,0
17671.0,5,2403.34,15,0
17672.0,7,5778.63,49,0
17673.0,13,4233.58,1,0
17674.0,2,851.7,73,0
17675.0,70,38259.6,0,0
17676.0,10,2765.84,3,0
17677.0,54,36692.91,1,0
17678.0,2,599.76,263,0
17679.0,7,3577.61,52,0
17680.0,3,497.45,23,0
17681.0,5,731.2,596,1
17682.0,11,4456.78,9,0
17683.0,3,819.01,385,1
17684.0,1,239.41,43,0
17685.0,12,5943.17,16,0
17686.0,9,8296.81,6,0
17687.0,1,432.68,420,1
17688.0,1,304.2,393,1
17689.0,2,317.08,387,1
17690.0,20,7448.1,29,0
17691.0,4,780.05,357,0
17692.0,12,2975.8,126,0
17693.0,1,200.47,136,0
17694.0,3,1695.97,141,0
17695.0,5,1746.04,131,0
17696.0,27,7679.59,37,0
17697.0,1,338.95,235,0
17698.0,1,154.95,260,0
17699.0,2,442.0,476,1
17700.0,14,6679.97,16,0
17701.0,1,417.95,252,0
17702.0,6,3144.04,29,0
17703.0,4,1094.84,34,0
17704.0,2,885.19,168,0
17705.0,11,2083.9,2,0
17706.0,31,20749.98,3,0
17707.0,8,609.3,184,0
17708.0,4,887.93,187,0
17709.0,5,671.01,169,0
17710.0,1,293.5,423,1
17711.0,2,385.1,10,0
17712.0,1,522.91,44,0
17713.0,4,1198.09,381,1
17714.0,5,1410.18,320,0
17715.0,2,489.6,200,0
17716.0,24,15956.97,22,0
17717.0,1,376.92,420,1
17718.0,2,439.18,231,0
17719.0,15,5396.04,37,0
17720.0,10,2768.91,25,0
17721.0,1,307.21,658,1
17722.0,5,4430.36,95,0
17723.0,7,3378.4,126,0
17724.0,3,1033.0,70,0
17725.0,11,3439.08,15,0
17726.0,7,1092.06,394,1
17727.0,1,1060.25,14,0
17728.0,5,4238.76,3,0
17729.0,1,438.65,595,1
17730.0,20,7773.8,2,0
17731.0,6,1708.99,78,0
17732.0,8,2470.39,372,1
17733.0,2,692.19,38,0
17734.0,6,1442.32,53,0
17735.0,26,17244.93,1,0
17736.0,3,377.44,8,0
17737.0,2,168.24,8,0
17738.0,13,4183.56,18,0
17739.0,18,7730.59,11,0
17740.0,6,426.9,388,1
17741.0,2,101.1,406,1
17742.0,11,2098.48,112,0
17743.0,1,229.2,447,1
17744.0,7,2649.14,3,0
17745.0,2,600.34,477,1
17746.0,4,904.18,239,0
17747.0,1,71.4,112,0
17748.0,1,358.15,526,1
17749.0,3,1026.18,177,0
17750.0,9,1797.57,4,0
17751.0,1,157.86,420,1
17752.0,1,80.64,358,0
17753.0,4,390.56,463,1
17754.0,13,4577.53,0,0
17756.0,3,733.7,375,1
17757.0,56,9422.45,0,0
17758.0,12,5012.53,18,0
17759.0,5,1276.91,16,0
17760.0,6,918.93,21,0
17761.0,1,712.78,32,0
17762.0,1,129.75,455,1
17763.0,4,86.15,262,0
17764.0,5,1623.64,50,0
17765.0,4,530.8,158,0
17766.0,2,299.61,380,1
17767.0,2,413.05,14,0
17768.0,7,3509.51,7,0
17769.0,17,7103.08,12,0
17770.0,5,1143.27,198,0
17771.0,4,387.41,56,0
17772.0,3,384.77,10,0
17773.0,2,585.27,513,1
17774.0,9,3328.05,96,0
17775.0,1,56.4,254,0
17776.0,2,338.56,386,1
17777.0,3,665.86,24,0
17778.0,1,197.7,661,1
17779.0,3,658.57,20,0
17780.0,3,352.91,666,1
17781.0,2,188.02,158,0
17782.0,2,679.02,382,1
17783.0,3,379.91,71,0
17784.0,1,112.86,549,1
17785.0,3,403.38,52,0
17786.0,2,278.74,84,0
17787.0,4,2601.47,152,0
17788.0,2,1117.9,73,0
17789.0,2,397.15,280,0
17790.0,20,2783.61,26,0
17791.0,1,106.1,29,0
17792.0,2,370.05,466,1
17793.0,1,323.04,24,0
17794.0,2,147.3,686,1
17795.0,2,350.39,179,0
17796.0,7,1361.99,39,0
17797.0,8,1985.87,21,0
17798.0,1,183.09,581,1
17799.0,20,6341.89,21,0
17800.0,9,1199.01,36,0
17801.0,3,798.33,450,1
17802.0,10,5053.12,81,0
17803.0,1,184.66,391,1
17804.0,3,385.23,375,1
17805.0,2,927.03,73,0
17806.0,1,546.04,10,0
17807.0,3,437.87,394,1
17808.0,4,262.64,548,1
17809.0,20,11337.39,15,0
17810.0,2,374.81,668,1
17811.0,47,9609.8,3,0
17812.0,7,1165.89,12,0
17813.0,5,1770.88,13,0
17814.0,2,1617.32,374,1
17815.0,1,591.96,392,1
17816.0,6,112.32,36,0
17817.0,6,807.85,3,0
17818.0,1,130.18,737,1
17819.0,12,6612.52,71,0
17820.0,1,183.56,373,1
17821.0,1,334.62,405,1
17822.0,5,2188.5,419,1
17823.0,2,494.25,420,1
17824.0,1,298.4,50,0
17825.0,4,731.96,598,1
17826.0,1,134.59,373,1
17827.0,6,2388.05,4,0
17828.0,4,1820.09,22,0
17829.0,5,4756.74,298,0
17830.0,3,398.7,1,0
17831.0,1,35.4,32,0
17832.0,1,155.37,49,0
17833.0,1,342.36,722,1
17834.0,2,730.47,414,1
17835.0,3,350.64,2,0
17836.0,1,110.21,46,0
17837.0,8,1593.38,41,0
17838.0,13,6722.9,26,0
17839.0,1,338.8,41,0
17840.0,1,185.72,443,1
17841.0,211,70884.07,1,0
17842.0,1,430.69,601,1
17843.0,2,326.23,302,0
17844.0,1,51.56,106,0
17845.0,4,598.19,554,1
17846.0,1,2033.1,84,0
17847.0,2,129.69,515,1
17848.0,30,3650.9,80,0
17849.0,8,1063.76,217,0
17850.0,155,56600.08,371,1
17851.0,6,1563.34,421,1
17852.0,5,663.21,11,0
17853.0,3,1608.19,406,1
17854.0,6,1071.45,184,0
17855.0,1,417.94,372,1
17856.0,4,1418.03,1,0
17857.0,24,28682.24,3,0
17858.0,30,12797.65,5,0
17859.0,1,148.21,304,0
17860.0,4,1015.54,368,1
17861.0,18,5127.69,2,0
17862.0,4,1279.09,323,0
17863.0,12,5745.2,58,0
17864.0,5,924.32,12,0
17865.0,46,26374.39,30,0
17866.0,3,1134.95,142,0
17867.0,15,1621.28,29,0
17868.0,1,234.65,385,1
17869.0,7,1036.16,106,0
17870.0,13,3108.15,1,0
17871.0,5,1118.99,204,0
17872.0,1,235.87,381,1
17873.0,18,6515.88,79,0
17874.0,6,683.46,184,0
17875.0,1,167.1,687,1
17876.0,3,3424.02,399,1
17877.0,1,237.61,169,0
17878.0,3,1412.33,43,0
17879.0,1,178.52,173,0
17880.0,3,824.92,364,0
17881.0,1,133.35,303,0
17882.0,2,313.46,378,1
17883.0,7,995.85,2,0
17884.0,20,3072.89,3,0
17885.0,1,190.19,11,0
17886.0,6,1608.38,31,0
17887.0,1,111.35,128,0
17888.0,25,1820.44,20,0
17889.0,7,774.87,211,0
17890.0,2,602.09,322,0
17891.0,1,203.86,161,0
17892.0,3,244.1,55,0
17893.0,1,112.25,224,0
17894.0,18,2453.38,71,0
17895.0,1,98.0,43,0
17896.0,1,256.32,22,0
17897.0,9,2585.0,172,0
17898.0,4,299.18,84,0
17899.0,1,155.8,158,0
17900.0,2,112.2,189,0
17901.0,3,260.08,28,0
17902.0,1,216.4,546,1
17903.0,1,381.09,393,1
17904.0,1,191.67,20,0
17905.0,13,2383.52,70,0
17906.0,1,72.9,246,0
17907.0,1,291.76,640,1
17908.0,5,1411.54,373,1
17909.0,1,132.55,736,1
17910.0,1,261.7,725,1
17911.0,1,366.23,8,0
17912.0,6,375.5,309,0
17913.0,14,3479.64,58,0
17914.0,1,336.43,3,0
17915.0,1,242.13,550,1
17916.0,2,43.87,628,1
17917.0,3,341.28,44,0
17918.0,3,396.39,500,1
17919.0,2,1840.32,87,0
17920.0,54,24516.46,3,0
17921.0,10,2423.5,63,0
17922.0,1,170.4,542,1
17923.0,3,497.0,281,0
17924.0,8,3536.7,11,0
17925.0,1,488.16,372,1
17926.0,5,1035.49,132,0
17927.0,1,294.0,721,1
17928.0,3,341.24,44,0
17929.0,12,3082.1,10,0
17930.0,13,4275.22,35,0
17931.0,14,3437.29,133,0
17932.0,3,1331.57,28,0
17933.0,1,114.69,631,1
17934.0,3,1049.15,51,0
17935.0,7,686.14,137,0
17936.0,1,389.84,4,0
17937.0,7,4301.22,8,0
17938.0,1,144.29,419,1
17939.0,1,99.14,159,0
17940.0,16,30393.19,48,0
17941.0,4,1433.28,130,0
17942.0,1,77.5,7,0
17944.0,1,75.41,422,1
17945.0,3,360.35,696,1
17946.0,2,149.58,232,0
17947.0,1,176.68,36,0
17948.0,1,358.56,146,0
17949.0,118,118628.08,0,0
17950.0,7,1432.81,71,0
17951.0,4,1636.08,39,0
17952.0,4,819.61,377,1
17953.0,1,160.82,539,1
17954.0,19,3966.05,4,0
17955.0,6,949.9,198,0
17956.0,1,12.75,248,0
17957.0,1,111.68,65,0
17958.0,2,973.88,116,0
17959.0,1,140.75,591,1
17960.0,3,135.08,170,0
17961.0,100,2995.54,20,0
17962.0,4,687.42,141,0
17963.0,4,651.51,470,1
17964.0,2,733.46,31,0
17965.0,29,7240.98,37,0
17966.0,10,1974.42,37,0
17967.0,2,357.29,371,1
17968.0,4,888.04,373,1
17969.0,20,2369.94,165,0
17970.0,1,582.59,210,0
17971.0,1,161.94,547,1
17972.0,1,136.04,241,0
17973.0,1,337.04,51,0
17974.0,6,1858.06,24,0
17975.0,24,7028.83,14,0
17976.0,1,706.38,371,1
17977.0,2,1565.63,28,0
17978.0,4,1461.76,364,0
17979.0,4,757.71,35,0
17980.0,4,1033.42,165,0
17981.0,1,239.12,410,1
17982.0,1,138.18,680,1
17983.0,1,171.71,394,1
17984.0,5,1191.27,144,0
17985.0,1,634.95,21,0
17986.0,1,20.8,55,0
17987.0,5,1003.64,184,0
17988.0,14,489.54,11,0
17989.0,1,228.83,378,1
17990.0,6,1527.61,236,0
17991.0,3,320.55,224,0
17992.0,1,254.13,388,1
17993.0,1,235.19,616,1
17994.0,11,2313.32,121,0
17995.0,3,495.48,281,0
17996.0,3,482.33,379,1
17997.0,8,1970.67,73,0
17998.0,3,639.24,379,1
17999.0,3,730.9,36,0
18000.0,1,124.25,563,1
18001.0,6,953.84,11,0
18002.0,4,249.92,375,1
18003.0,1,358.61,375,1
18004.0,1,169.47,361,0
18005.0,2,249.72,3,0
18006.0,4,997.86,22,0
18007.0,1,220.32,392,1
18008.0,23,19787.13,69,0
18009.0,8,2155.83,234,0
18010.0,1,174.8,256,0
18011.0,2,527.03,372,1
18012.0,1,115.3,722,1
18013.0,2,187.29,154,0
18014.0,1,166.42,27,0
18015.0,1,120.03,3,0
18016.0,7,1960.46,31,0
18017.0,4,688.0,80,0
18018.0,4,297.99,107,0
18019.0,1,38.45,51,0
18020.0,1,190.48,543,1
18021.0,2,227.06,509,1
18022.0,5,1651.79,35,0
18024.0,2,389.78,152,0
18025.0,6,1177.72,379,1
18026.0,2,2074.07,500,1
18027.0,1,115.31,98,0
18028.0,1,192.05,582,1
18029.0,1,433.77,641,1
18030.0,2,230.65,3,0
18031.0,1,462.1,378,1
18032.0,1,73.5,333,0
18033.0,1,97.97,64,0
18034.0,3,793.7,21,0
18035.0,5,1276.74,35,0
18036.0,11,1563.64,31,0
18037.0,15,167.42,153,0
18038.0,1,149.41,555,1
18039.0,4,579.17,373,1
18040.0,2,357.2,18,0
18041.0,38,8752.38,11,0
18042.0,2,281.15,53,0
18043.0,3,875.97,24,0
18044.0,18,3505.61,3,0
18045.0,1,189.4,44,0
18046.0,1,189.63,649,1
18047.0,2,342.69,380,1
18048.0,3,401.73,202,0
18049.0,2,556.52,436,1
18050.0,2,412.06,358,0
18051.0,7,2282.28,633,1
18052.0,1,10877.18,564,1
18053.0,3,571.07,70,0
18054.0,1,176.5,392,1
18055.0,14,11195.57,6,0
18056.0,2,554.6,287,0
18057.0,3,1203.56,392,1
18058.0,3,774.06,9,0
18059.0,3,306.46,22,0
18060.0,2,1185.46,407,1
18061.0,28,6488.97,21,0
18062.0,6,1632.67,172,0
18063.0,2,186.6,390,1
18064.0,11,4495.03,132,0
18065.0,29,5866.63,5,0
18066.0,3,1440.4,74,0
18067.0,1,396.33,39,0
18068.0,1,101.7,288,0
18069.0,11,4540.56,25,0
18070.0,1,314.1,668,1
18071.0,6,1428.63,257,0
18072.0,1,247.44,185,0
18073.0,12,3877.52,113,0
18074.0,2,1509.04,373,1
18075.0,20,5783.29,22,0
18076.0,1,151.49,379,1
18077.0,18,4338.56,7,0
18078.0,4,844.6,216,0
18079.0,5,4242.75,44,0
18080.0,2,1231.5,18,0
18081.0,3,343.45,35,0
18082.0,1,703.37,25,0
18083.0,1,470.73,397,1
18084.0,3,812.93,15,0
18085.0,4,1645.75,329,0
18086.0,1,101.34,273,0
18087.0,17,14761.52,97,0
18088.0,1,167.67,60,0
18089.0,1,428.45,446,1
18090.0,1,349.4,421,1
18091.0,1,360.85,592,1
18092.0,18,16179.44,1,0
18093.0,8,4452.71,92,0
18094.0,13,6391.52,81,0
18095.0,5,2303.09,312,0
18096.0,6,1805.28,11,0
18097.0,11,4663.32,7,0
18098.0,1,550.84,395,1
18099.0,1,168.31,126,0
18100.0,1,451.56,549,1
18101.0,5,629.16,10,0
18102.0,145,608821.65,0,0
18103.0,1,105.8,548,1
18104.0,1,754.64,36,0
18105.0,1,113.48,37,0
18106.0,6,1461.46,329,0
18107.0,1,167.13,441,1
18108.0,3,848.81,253,0
18109.0,38,9893.96,1,0
18110.0,2,435.43,19,0
18111.0,1,405.85,588,1
18112.0,4,775.96,11,0
18113.0,1,152.64,368,1
18114.0,1,220.1,289,0
18115.0,1,9.7,697,1
18116.0,13,2154.3,67,0
18117.0,1,320.72,25,0
18118.0,29,6733.22,10,0
18119.0,1,362.24,367,1
18120.0,1,111.15,213,0
18121.0,2,673.1,148,0
18122.0,6,1826.21,7,0
18123.0,3,684.59,23,0
18124.0,1,111.53,471,1
18125.0,4,1142.99,29,0
18126.0,1,206.83,60,0
18127.0,4,561.53,18,0
18128.0,1,420.04,536,1
18129.0,1,112.55,242,0
18130.0,3,1059.39,14,0
18131.0,1,222.96,631,1
18132.0,1,226.9,503,1
18133.0,1,931.5,211,0
18134.0,2,445.0,597,1
18135.0,10,1249.62,28,0
18136.0,5,1631.36,62,0
18137.0,2,145.99,550,1
18138.0,1,152.65,294,0
18139.0,6,8438.34,17,0
18140.0,1,536.41,473,1
18141.0,2,882.47,401,1
18142.0,2,1019.52,156,0
18143.0,2,1000.16,116,0
18144.0,19,5058.0,7,0
18145.0,11,5617.79,12,0
18146.0,2,160.35,140,0
18147.0,2,179.34,45,0
18148.0,1,114.1,646,1
18149.0,7,1624.71,50,0
18150.0,3,566.58,31,0
18151.0,6,1879.44,134,0
18152.0,1,426.69,645,1
18153.0,1,246.22,658,1
18154.0,5,932.6,2,0
18155.0,3,371.62,74,0
18156.0,2,941.17,12,0
18157.0,1,215.35,570,1
18158.0,2,453.4,8,0
18159.0,1,530.15,300,0
18160.0,3,1003.88,56,0
18161.0,6,1803.1,14,0
18162.0,1,379.16,731,1
18163.0,1,728.84,583,1
18164.0,1,399.65,36,0
18165.0,1,302.46,176,0
18166.0,1,175.5,623,1
18167.0,3,1384.86,22,0
18168.0,16,3770.27,175,0
18169.0,1,202.65,60,0
18170.0,9,2878.0,32,0
18171.0,9,2437.31,58,0
18172.0,52,17479.84,14,0
18173.0,5,2696.36,86,0
18174.0,2,162.5,6,0
18175.0,1,176.1,675,1
18176.0,1,476.35,357,0
18177.0,9,2216.87,30,0
18178.0,11,6103.74,128,0
18179.0,8,2547.55,8,0
18180.0,6,1843.75,4,0
18181.0,5,1205.94,23,0
18182.0,1,291.13,462,1
18183.0,2,632.07,226,0
18184.0,1,49.8,14,0
18185.0,1,304.25,248,0
18186.0,1,329.58,722,1
18187.0,1,724.89,631,1
18188.0,6,3280.59,14,0
18189.0,3,1403.73,77,0
18190.0,5,745.62,191,0
18191.0,2,529.4,261,0
18192.0,1,957.97,71,0
18193.0,3,1207.35,164,0
18194.0,6,4162.04,81,0
18195.0,1,101.16,386,1
18196.0,4,1464.31,94,0
18197.0,1,230.1,575,1
18198.0,17,5425.56,3,0
18199.0,1,344.75,683,1
18200.0,1,163.8,105,0
18201.0,1,447.53,722,1
18202.0,3,1396.99,199,0
18203.0,4,504.42,156,0
18204.0,3,1993.7,70,0
18205.0,2,517.36,35,0
18206.0,1,314.66,552,1
18207.0,1,544.47,498,1
18208.0,1,360.08,565,1
18209.0,1,139.1,28,0
18210.0,7,2768.83,1,0
18211.0,5,600.07,25,0
18212.0,2,546.72,325,0
18213.0,1,232.48,236,0
18214.0,4,1780.34,530,1
18215.0,5,2247.49,88,0
18216.0,1,481.75,30,0
18217.0,4,945.04,28,0
18218.0,4,1142.0,210,0
18219.0,17,3562.89,2,0
18220.0,6,1921.76,226,0
18221.0,6,1424.94,21,0
18222.0,1,443.0,92,0
18223.0,26,14000.85,4,0
18224.0,1,158.95,263,0
18225.0,26,13054.26,2,0
18226.0,26,11878.88,43,0
18227.0,2,388.75,217,0
18228.0,2,779.9,56,0
18229.0,28,10803.71,11,0
18230.0,9,4291.06,8,0
18231.0,28,6880.97,191,0
18232.0,4,592.97,81,0
18233.0,1,440.0,325,0
18234.0,1,179.6,551,1
18235.0,3,1796.48,71,0
18236.0,12,1795.35,29,0
18237.0,5,987.1,2,0
18238.0,1,270.92,514,1
18239.0,6,2150.36,218,0
18240.0,1,422.58,45,0
18241.0,21,2986.99,9,0
18242.0,8,3605.21,71,0
18243.0,1,515.78,413,1
18244.0,2,568.64,430,1
18245.0,20,6324.98,6,0
18246.0,3,758.82,23,0
18247.0,3,839.73,414,1
18248.0,2,804.02,122,0
18249.0,1,95.34,16,0
18250.0,1,349.27,309,0
18251.0,9,26278.86,86,0
18252.0,7,1542.09,50,0
18253.0,1,317.88,642,1
18254.0,1,267.9,580,1
18255.0,2,303.15,88,0
18256.0,1,110.7,387,1
18257.0,12,4600.15,38,0
18258.0,6,2059.67,463,1
18259.0,7,4318.2,24,0
18260.0,23,9962.11,172,0
18261.0,2,324.24,42,0
18262.0,3,577.54,139,0
18263.0,3,1213.16,25,0
18264.0,1,603.25,498,1
18265.0,2,801.51,71,0
18266.0,1,251.1,433,1
18267.0,1,269.37,672,1
18268.0,6,1490.23,133,0
18269.0,1,337.2,365,0
18270.0,3,444.55,37,0
18271.0,2,680.85,609,1
18272.0,9,4385.98,2,0
18273.0,4,357.0,1,0
18274.0,1,175.92,29,0
18275.0,2,741.85,577,1
18276.0,6,1656.52,43,0
18277.0,5,1180.05,57,0
18278.0,2,414.2,73,0
18279.0,1,231.34,518,1
18280.0,2,488.15,277,0
18281.0,2,201.14,180,0
18282.0,2,178.05,7,0
18283.0,22,2736.65,3,0
18284.0,1,461.68,431,1
18285.0,1,427.0,660,1
18286.0,2,1296.43,476,1
18287.0,7,4182.99,42,0
